category_level_1_name;category_level_2_name;category_level_3_name;category_level_4_name;category_level_5_name;category_action;category_id;category_url;;param_action;param_type;param_id;param_name;param_multiselect_on_posting;param_multiselect_on_filter;param_required_on_posting;;value_action;value_id;value_url;value_name
Детский мир;Игрушки;-;-;-;old;1473;https://lalafo.az/azerbaijan/igrushki;;;;;;;;;;;;;
Детский мир;Игрушки;-;-;-;old;1473;https://lalafo.az/azerbaijan/igrushki;;old;dropdown;29;Состояние;;;;;;;;
Детский мир;Игрушки;-;-;-;old;1473;https://lalafo.az/azerbaijan/igrushki;;old;dropdown;29;Состояние;;;;;old;2757;https://lalafo.az/azerbaijan/igrushki/new;Новый
Детский мир;Игрушки;-;-;-;old;1473;https://lalafo.az/azerbaijan/igrushki;;old;dropdown;29;Состояние;;;;;old;2756;https://lalafo.az/azerbaijan/igrushki/used;Б/у
Детский мир;Игрушки;-;-;-;old;1473;https://lalafo.az/azerbaijan/igrushki;;old;dropdown;425;Доставка;;;;;;;;
Детский мир;Игрушки;-;-;-;old;1473;https://lalafo.az/azerbaijan/igrushki;;old;dropdown;425;Доставка;;;;;old;27236;https://lalafo.az/azerbaijan/igrushki/p-27236-customer-pickup;Самовывоз
Детский мир;Игрушки;-;-;-;old;1473;https://lalafo.az/azerbaijan/igrushki;;old;dropdown;425;Доставка;;;;;old;30644;https://lalafo.az/azerbaijan/igrushki/delivery-to-areas;Доставка в районы
Детский мир;Игрушки;-;-;-;old;1473;https://lalafo.az/azerbaijan/igrushki;;old;dropdown;425;Доставка;;;;;old;27240;https://lalafo.az/azerbaijan/igrushki/free-delivery;Бесплатная доставка
Детский мир;Игрушки;-;-;-;old;1473;https://lalafo.az/azerbaijan/igrushki;;old;dropdown;425;Доставка;;;;;old;27241;https://lalafo.az/azerbaijan/igrushki/paid-delivery;Платная доставка
Детский мир;Игрушки;Игрушечный транспорт;-;-;new;11109;https://lalafo.az/azerbaijan/igrushki/oyuncaq-neqliyyat;;;;;;;;;;;;;
Детский мир;Игрушки;Игрушечный транспорт;-;-;new;11109;https://lalafo.az/azerbaijan/igrushki/oyuncaq-neqliyyat;;add;dropdown;29;Состояние;;;;;;;;
Детский мир;Игрушки;Игрушечный транспорт;-;-;new;11109;https://lalafo.az/azerbaijan/igrushki/oyuncaq-neqliyyat;;add;dropdown;425;Доставка;;;;;;;;
Детский мир;Игрушки;Игрушечный транспорт;Игрушечные машинки;-;new;11169;https://lalafo.az/azerbaijan/igrushki/oyuncaq-neqliyyat/oyuncaq-mashinlar;;;;;;;;;;;;;
Детский мир;Игрушки;Игрушечный транспорт;Игрушечные машинки;-;new;11169;https://lalafo.az/azerbaijan/igrushki/oyuncaq-neqliyyat/oyuncaq-mashinlar;;add;dropdown;29;Состояние;ЛОЖЬ;ИСТИНА;ИСТИНА;;;;;
Детский мир;Игрушки;Игрушечный транспорт;Игрушечные машинки;-;new;11169;https://lalafo.az/azerbaijan/igrushki/oyuncaq-neqliyyat/oyuncaq-mashinlar;;add;dropdown;425;Доставка;ИСТИНА;ИСТИНА;ИСТИНА;;;;;
Детский мир;Игрушки;Игрушечный транспорт;Игрушечные машинки;-;new;11169;https://lalafo.az/azerbaijan/igrushki/oyuncaq-neqliyyat/oyuncaq-mashinlar;;new;dropdown;5308;Бренд;ИСТИНА;ИСТИНА;ЛОЖЬ;;;;;
Детский мир;Игрушки;Игрушечный транспорт;Игрушечные машинки;-;new;11169;https://lalafo.az/azerbaijan/igrushki/oyuncaq-neqliyyat/oyuncaq-mashinlar;;new;dropdown;5308;Бренд;;;;;new;75586;https://lalafo.az/azerbaijan/igrushki/oyuncaq-neqliyyat/oyuncaq-mashinlar/hot-wheels;Hot wheels
Детский мир;Игрушки;Игрушечный транспорт;Игрушечные машинки;-;new;11169;https://lalafo.az/azerbaijan/igrushki/oyuncaq-neqliyyat/oyuncaq-mashinlar;;new;dropdown;5308;Бренд;;;;;new;76043;https://lalafo.az/azerbaijan/igrushki/oyuncaq-neqliyyat/oyuncaq-mashinlar/maisto_76043_13;Maisto
Детский мир;Игрушки;Игрушечный транспорт;Игрушечные машинки;-;new;11169;https://lalafo.az/azerbaijan/igrushki/oyuncaq-neqliyyat/oyuncaq-mashinlar;;new;dropdown;5308;Бренд;;;;;new;76033;https://lalafo.az/azerbaijan/igrushki/oyuncaq-neqliyyat/oyuncaq-mashinlar/matchbox;Matchbox
Детский мир;Игрушки;Игрушечный транспорт;Игрушечные машинки;-;new;11169;https://lalafo.az/azerbaijan/igrushki/oyuncaq-neqliyyat/oyuncaq-mashinlar;;new;dropdown;5308;Бренд;;;;;new;76028;https://lalafo.az/azerbaijan/igrushki/oyuncaq-neqliyyat/oyuncaq-mashinlar/minigt;MINIGT
Детский мир;Игрушки;Игрушечный транспорт;Игрушечные машинки;-;new;11169;https://lalafo.az/azerbaijan/igrushki/oyuncaq-neqliyyat/oyuncaq-mashinlar;;new;dropdown;5308;Бренд;;;;;new;75587;https://lalafo.az/azerbaijan/igrushki/oyuncaq-neqliyyat/oyuncaq-mashinlar/diger-brend_75587_13;Другой бренд
Детский мир;Игрушки;Игрушечный транспорт;Игрушечные машинки;-;new;11169;https://lalafo.az/azerbaijan/igrushki/oyuncaq-neqliyyat/oyuncaq-mashinlar;;new;dropdown;5308;Бренд;;;;;new;76045;https://lalafo.az/azerbaijan/igrushki/oyuncaq-neqliyyat/oyuncaq-mashinlar/tomica;Tomica
Детский мир;Игрушки;Игрушечный транспорт;Игрушечные машинки;-;new;11169;https://lalafo.az/azerbaijan/igrushki/oyuncaq-neqliyyat/oyuncaq-mashinlar;;new;dropdown;5308;Бренд;;;;;new;76031;https://lalafo.az/azerbaijan/igrushki/oyuncaq-neqliyyat/oyuncaq-mashinlar/welly;Welly
Детский мир;Игрушки;Игрушечный транспорт;Игрушечные машинки;-;new;11169;https://lalafo.az/azerbaijan/igrushki/oyuncaq-neqliyyat/oyuncaq-mashinlar;;new;dropdown;5309;Материал;ИСТИНА;ИСТИНА;ЛОЖЬ;;;;;
Детский мир;Игрушки;Игрушечный транспорт;Игрушечные машинки;-;new;11169;https://lalafo.az/azerbaijan/igrushki/oyuncaq-neqliyyat/oyuncaq-mashinlar;;new;dropdown;5309;Материал;;;;;new;75588;https://lalafo.az/azerbaijan/igrushki/oyuncaq-neqliyyat/oyuncaq-mashinlar/demir_75588_13;Железо
Детский мир;Игрушки;Игрушечный транспорт;Игрушечные машинки;-;new;11169;https://lalafo.az/azerbaijan/igrushki/oyuncaq-neqliyyat/oyuncaq-mashinlar;;new;dropdown;5309;Материал;;;;;new;75766;https://lalafo.az/azerbaijan/igrushki/oyuncaq-neqliyyat/oyuncaq-mashinlar/diger-material_75766_13;Другой материал
Детский мир;Игрушки;Игрушечный транспорт;Игрушечные машинки;-;new;11169;https://lalafo.az/azerbaijan/igrushki/oyuncaq-neqliyyat/oyuncaq-mashinlar;;new;dropdown;5309;Материал;;;;;new;75590;https://lalafo.az/azerbaijan/igrushki/oyuncaq-neqliyyat/oyuncaq-mashinlar/plastik_75590_13;Пластик
Детский мир;Игрушки;Игрушечный транспорт;Игрушечные машинки;-;new;11169;https://lalafo.az/azerbaijan/igrushki/oyuncaq-neqliyyat/oyuncaq-mashinlar;;new;dropdown;5334;Марка машинки;ИСТИНА;ИСТИНА;ЛОЖЬ;;;;;
Детский мир;Игрушки;Игрушечный транспорт;Игрушечные машинки;-;new;11169;https://lalafo.az/azerbaijan/igrushki/oyuncaq-neqliyyat/oyuncaq-mashinlar;;new;dropdown;5334;Марка машинки;;;;;new;75767;https://lalafo.az/azerbaijan/igrushki/oyuncaq-neqliyyat/oyuncaq-mashinlar/bmw;BMW
Детский мир;Игрушки;Игрушечный транспорт;Игрушечные машинки;-;new;11169;https://lalafo.az/azerbaijan/igrushki/oyuncaq-neqliyyat/oyuncaq-mashinlar;;new;dropdown;5334;Марка машинки;;;;;new;75780;https://lalafo.az/azerbaijan/igrushki/oyuncaq-neqliyyat/oyuncaq-mashinlar/dodge;Dodge
Детский мир;Игрушки;Игрушечный транспорт;Игрушечные машинки;-;new;11169;https://lalafo.az/azerbaijan/igrushki/oyuncaq-neqliyyat/oyuncaq-mashinlar;;new;dropdown;5334;Марка машинки;;;;;new;75771;https://lalafo.az/azerbaijan/igrushki/oyuncaq-neqliyyat/oyuncaq-mashinlar/jeep_75771_13;Jeep
Детский мир;Игрушки;Игрушечный транспорт;Игрушечные машинки;-;new;11169;https://lalafo.az/azerbaijan/igrushki/oyuncaq-neqliyyat/oyuncaq-mashinlar;;new;dropdown;5334;Марка машинки;;;;;new;76020;https://lalafo.az/azerbaijan/igrushki/oyuncaq-neqliyyat/oyuncaq-mashinlar/kamaz;KamAZ
Детский мир;Игрушки;Игрушечный транспорт;Игрушечные машинки;-;new;11169;https://lalafo.az/azerbaijan/igrushki/oyuncaq-neqliyyat/oyuncaq-mashinlar;;new;dropdown;5334;Марка машинки;;;;;new;76051;https://lalafo.az/azerbaijan/igrushki/oyuncaq-neqliyyat/oyuncaq-mashinlar/kia-motors;Kia Motors
Детский мир;Игрушки;Игрушечный транспорт;Игрушечные машинки;-;new;11169;https://lalafo.az/azerbaijan/igrushki/oyuncaq-neqliyyat/oyuncaq-mashinlar;;new;dropdown;5334;Марка машинки;;;;;new;75772;https://lalafo.az/azerbaijan/igrushki/oyuncaq-neqliyyat/oyuncaq-mashinlar/lada;Lada
Детский мир;Игрушки;Игрушечный транспорт;Игрушечные машинки;-;new;11169;https://lalafo.az/azerbaijan/igrushki/oyuncaq-neqliyyat/oyuncaq-mashinlar;;new;dropdown;5334;Марка машинки;;;;;new;75779;https://lalafo.az/azerbaijan/igrushki/oyuncaq-neqliyyat/oyuncaq-mashinlar/lamborghini_75779_13;Lamborghini
Детский мир;Игрушки;Игрушечный транспорт;Игрушечные машинки;-;new;11169;https://lalafo.az/azerbaijan/igrushki/oyuncaq-neqliyyat/oyuncaq-mashinlar;;new;dropdown;5334;Марка машинки;;;;;new;75773;https://lalafo.az/azerbaijan/igrushki/oyuncaq-neqliyyat/oyuncaq-mashinlar/mclaren_75773_13;McLaren
Детский мир;Игрушки;Игрушечный транспорт;Игрушечные машинки;-;new;11169;https://lalafo.az/azerbaijan/igrushki/oyuncaq-neqliyyat/oyuncaq-mashinlar;;new;dropdown;5334;Марка машинки;;;;;new;75768;https://lalafo.az/azerbaijan/igrushki/oyuncaq-neqliyyat/oyuncaq-mashinlar/mercedes-benz;Mercedes-Benz
Детский мир;Игрушки;Игрушечный транспорт;Игрушечные машинки;-;new;11169;https://lalafo.az/azerbaijan/igrushki/oyuncaq-neqliyyat/oyuncaq-mashinlar;;new;dropdown;5334;Марка машинки;;;;;new;76050;https://lalafo.az/azerbaijan/igrushki/oyuncaq-neqliyyat/oyuncaq-mashinlar/mitsubishi_76050_13;Mitsubishi
Детский мир;Игрушки;Игрушечный транспорт;Игрушечные машинки;-;new;11169;https://lalafo.az/azerbaijan/igrushki/oyuncaq-neqliyyat/oyuncaq-mashinlar;;new;dropdown;5334;Марка машинки;;;;;new;75782;https://lalafo.az/azerbaijan/igrushki/oyuncaq-neqliyyat/oyuncaq-mashinlar/diger-brend_75782_13;Другой бренд
Детский мир;Игрушки;Игрушечный транспорт;Игрушечные машинки;-;new;11169;https://lalafo.az/azerbaijan/igrushki/oyuncaq-neqliyyat/oyuncaq-mashinlar;;new;dropdown;5334;Марка машинки;;;;;new;75770;https://lalafo.az/azerbaijan/igrushki/oyuncaq-neqliyyat/oyuncaq-mashinlar/porsche;Porsche
Детский мир;Игрушки;Игрушечный транспорт;Игрушечные машинки;-;new;11169;https://lalafo.az/azerbaijan/igrushki/oyuncaq-neqliyyat/oyuncaq-mashinlar;;new;dropdown;5334;Марка машинки;;;;;new;75774;https://lalafo.az/azerbaijan/igrushki/oyuncaq-neqliyyat/oyuncaq-mashinlar/qaz_75774_13;Qaz
Детский мир;Игрушки;Игрушечный транспорт;Игрушечные машинки;-;new;11169;https://lalafo.az/azerbaijan/igrushki/oyuncaq-neqliyyat/oyuncaq-mashinlar;;new;dropdown;5334;Марка машинки;;;;;new;75769;https://lalafo.az/azerbaijan/igrushki/oyuncaq-neqliyyat/oyuncaq-mashinlar/range-rover;Range Rover
Детский мир;Игрушки;Игрушечный транспорт;Игрушечные машинки;-;new;11169;https://lalafo.az/azerbaijan/igrushki/oyuncaq-neqliyyat/oyuncaq-mashinlar;;new;dropdown;5334;Марка машинки;;;;;new;75777;https://lalafo.az/azerbaijan/igrushki/oyuncaq-neqliyyat/oyuncaq-mashinlar/subaru_75777_13;Subaru
Детский мир;Игрушки;Игрушечный транспорт;Игрушечные машинки;-;new;11169;https://lalafo.az/azerbaijan/igrushki/oyuncaq-neqliyyat/oyuncaq-mashinlar;;new;dropdown;5334;Марка машинки;;;;;new;75781;https://lalafo.az/azerbaijan/igrushki/oyuncaq-neqliyyat/oyuncaq-mashinlar/tesla_75781_13;Tesla
Детский мир;Игрушки;Игрушечный транспорт;Игрушечные машинки;-;new;11169;https://lalafo.az/azerbaijan/igrushki/oyuncaq-neqliyyat/oyuncaq-mashinlar;;new;dropdown;5334;Марка машинки;;;;;new;75776;https://lalafo.az/azerbaijan/igrushki/oyuncaq-neqliyyat/oyuncaq-mashinlar/tofash;Tofa?
Детский мир;Игрушки;Игрушечный транспорт;Игрушечные машинки;-;new;11169;https://lalafo.az/azerbaijan/igrushki/oyuncaq-neqliyyat/oyuncaq-mashinlar;;new;dropdown;5334;Марка машинки;;;;;new;75778;https://lalafo.az/azerbaijan/igrushki/oyuncaq-neqliyyat/oyuncaq-mashinlar/toyota;Toyota
Детский мир;Игрушки;Игрушечный транспорт;Игрушечные машинки;-;new;11169;https://lalafo.az/azerbaijan/igrushki/oyuncaq-neqliyyat/oyuncaq-mashinlar;;new;dropdown;5334;Марка машинки;;;;;new;75775;https://lalafo.az/azerbaijan/igrushki/oyuncaq-neqliyyat/oyuncaq-mashinlar/vaz;Vaz
Детский мир;Игрушки;Игрушечный транспорт;Игрушечные машинки;-;new;11169;https://lalafo.az/azerbaijan/igrushki/oyuncaq-neqliyyat/oyuncaq-mashinlar;;new;dropdown;5387;Особенности;ИСТИНА;ИСТИНА;ЛОЖЬ;;;;;
Детский мир;Игрушки;Игрушечный транспорт;Игрушечные машинки;-;new;11169;https://lalafo.az/azerbaijan/igrushki/oyuncaq-neqliyyat/oyuncaq-mashinlar;;new;dropdown;5387;Особенности;;;;;new;76781;https://lalafo.az/azerbaijan/igrushki/oyuncaq-neqliyyat/oyuncaq-mashinlar/diger-idareetme-novu;Другой тип управления
Детский мир;Игрушки;Игрушечный транспорт;Игрушечные машинки;-;new;11169;https://lalafo.az/azerbaijan/igrushki/oyuncaq-neqliyyat/oyuncaq-mashinlar;;new;dropdown;5387;Особенности;;;;;new;76891;https://lalafo.az/azerbaijan/igrushki/oyuncaq-neqliyyat/oyuncaq-mashinlar/batareya-ile-ishleyen;На батарейках
Детский мир;Игрушки;Игрушечный транспорт;Игрушечные машинки;-;new;11169;https://lalafo.az/azerbaijan/igrushki/oyuncaq-neqliyyat/oyuncaq-mashinlar;;new;dropdown;5387;Особенности;;;;;new;76702;https://lalafo.az/azerbaijan/igrushki/oyuncaq-neqliyyat/oyuncaq-mashinlar/pultla;Пульт управления
Детский мир;Игрушки;Игрушечный транспорт;Игрушечные машинки;-;new;11169;https://lalafo.az/azerbaijan/igrushki/oyuncaq-neqliyyat/oyuncaq-mashinlar;;new;dropdown;5387;Особенности;;;;;new;76717;https://lalafo.az/azerbaijan/igrushki/oyuncaq-neqliyyat/oyuncaq-mashinlar/bashlatma-mexanizmi;Пусковой механизм
Детский мир;Игрушки;Игрушечный транспорт;Игрушечные поезда;-;new;11171;https://lalafo.az/azerbaijan/igrushki/oyuncaq-neqliyyat/oyuncaq-qatarlar;;;;;;;;;;;;;
Детский мир;Игрушки;Игрушечный транспорт;Игрушечные поезда;-;new;11171;https://lalafo.az/azerbaijan/igrushki/oyuncaq-neqliyyat/oyuncaq-qatarlar;;add;dropdown;29;Состояние;ЛОЖЬ;ИСТИНА;ИСТИНА;;;;;
Детский мир;Игрушки;Игрушечный транспорт;Игрушечные поезда;-;new;11171;https://lalafo.az/azerbaijan/igrushki/oyuncaq-neqliyyat/oyuncaq-qatarlar;;add;dropdown;425;Доставка;ИСТИНА;ИСТИНА;ИСТИНА;;;;;
Детский мир;Игрушки;Игрушечный транспорт;Игрушечные вертолеты;-;new;11172;https://lalafo.az/azerbaijan/igrushki/oyuncaq-neqliyyat/oyuncaq-helikopterler;;;;;;;;;;;;;
Детский мир;Игрушки;Игрушечный транспорт;Игрушечные вертолеты;-;new;11172;https://lalafo.az/azerbaijan/igrushki/oyuncaq-neqliyyat/oyuncaq-helikopterler;;add;dropdown;29;Состояние;ЛОЖЬ;ИСТИНА;ИСТИНА;;;;;
Детский мир;Игрушки;Игрушечный транспорт;Игрушечные вертолеты;-;new;11172;https://lalafo.az/azerbaijan/igrushki/oyuncaq-neqliyyat/oyuncaq-helikopterler;;add;dropdown;425;Доставка;ИСТИНА;ИСТИНА;ИСТИНА;;;;;
Детский мир;Игрушки;Игрушечный транспорт;Игрушечные самолеты;-;new;11306;https://lalafo.az/azerbaijan/igrushki/oyuncaq-neqliyyat/oyuncaq-teyyareler;;;;;;;;;;;;;
Детский мир;Игрушки;Игрушечный транспорт;Игрушечные самолеты;-;new;11306;https://lalafo.az/azerbaijan/igrushki/oyuncaq-neqliyyat/oyuncaq-teyyareler;;add;dropdown;29;Состояние;ЛОЖЬ;ИСТИНА;ИСТИНА;;;;;
Детский мир;Игрушки;Игрушечный транспорт;Игрушечные самолеты;-;new;11306;https://lalafo.az/azerbaijan/igrushki/oyuncaq-neqliyyat/oyuncaq-teyyareler;;add;dropdown;29;Состояние;;;;;add;2757;https://lalafo.az/azerbaijan/igrushki/oyuncaq-neqliyyat/oyuncaq-teyyareler/new;Новый
Детский мир;Игрушки;Игрушечный транспорт;Игрушечные самолеты;-;new;11306;https://lalafo.az/azerbaijan/igrushki/oyuncaq-neqliyyat/oyuncaq-teyyareler;;add;dropdown;29;Состояние;;;;;add;2756;https://lalafo.az/azerbaijan/igrushki/oyuncaq-neqliyyat/oyuncaq-teyyareler/used;Б/у
Детский мир;Игрушки;Игрушечный транспорт;Игрушечные самолеты;-;new;11306;https://lalafo.az/azerbaijan/igrushki/oyuncaq-neqliyyat/oyuncaq-teyyareler;;add;dropdown;425;Доставка;ИСТИНА;ИСТИНА;ИСТИНА;;;;;
Детский мир;Игрушки;Игрушечный транспорт;Игрушечные самолеты;-;new;11306;https://lalafo.az/azerbaijan/igrushki/oyuncaq-neqliyyat/oyuncaq-teyyareler;;add;dropdown;425;Доставка;;;;;add;27236;https://lalafo.az/azerbaijan/igrushki/oyuncaq-neqliyyat/oyuncaq-teyyareler/p-27236-customer-pickup;Самовывоз
Детский мир;Игрушки;Игрушечный транспорт;Игрушечные самолеты;-;new;11306;https://lalafo.az/azerbaijan/igrushki/oyuncaq-neqliyyat/oyuncaq-teyyareler;;add;dropdown;425;Доставка;;;;;add;30644;https://lalafo.az/azerbaijan/igrushki/oyuncaq-neqliyyat/oyuncaq-teyyareler/delivery-to-areas;Доставка в районы
Детский мир;Игрушки;Игрушечный транспорт;Игрушечные самолеты;-;new;11306;https://lalafo.az/azerbaijan/igrushki/oyuncaq-neqliyyat/oyuncaq-teyyareler;;add;dropdown;425;Доставка;;;;;add;27240;https://lalafo.az/azerbaijan/igrushki/oyuncaq-neqliyyat/oyuncaq-teyyareler/free-delivery;Бесплатная доставка
Детский мир;Игрушки;Игрушечный транспорт;Игрушечные самолеты;-;new;11306;https://lalafo.az/azerbaijan/igrushki/oyuncaq-neqliyyat/oyuncaq-teyyareler;;add;dropdown;425;Доставка;;;;;add;27241;https://lalafo.az/azerbaijan/igrushki/oyuncaq-neqliyyat/oyuncaq-teyyareler/paid-delivery;Платная доставка
Детский мир;Игрушки;Игрушечный транспорт;Игрушечные корабли;-;new;11301;https://lalafo.az/azerbaijan/igrushki/oyuncaq-neqliyyat/oyuncaq-gemiler;;;;;;;;;;;;;
Детский мир;Игрушки;Игрушечный транспорт;Игрушечные корабли;-;new;11301;https://lalafo.az/azerbaijan/igrushki/oyuncaq-neqliyyat/oyuncaq-gemiler;;add;dropdown;29;Состояние;ЛОЖЬ;ИСТИНА;ИСТИНА;;;;;
Детский мир;Игрушки;Игрушечный транспорт;Игрушечные корабли;-;new;11301;https://lalafo.az/azerbaijan/igrushki/oyuncaq-neqliyyat/oyuncaq-gemiler;;add;dropdown;29;Состояние;;;;;add;2757;https://lalafo.az/azerbaijan/igrushki/oyuncaq-neqliyyat/oyuncaq-gemiler/new;Новый
Детский мир;Игрушки;Игрушечный транспорт;Игрушечные корабли;-;new;11301;https://lalafo.az/azerbaijan/igrushki/oyuncaq-neqliyyat/oyuncaq-gemiler;;add;dropdown;29;Состояние;;;;;add;2756;https://lalafo.az/azerbaijan/igrushki/oyuncaq-neqliyyat/oyuncaq-gemiler/used;Б/у
Детский мир;Игрушки;Игрушечный транспорт;Игрушечные корабли;-;new;11301;https://lalafo.az/azerbaijan/igrushki/oyuncaq-neqliyyat/oyuncaq-gemiler;;add;dropdown;425;Доставка;ИСТИНА;ИСТИНА;ИСТИНА;;;;;
Детский мир;Игрушки;Игрушечный транспорт;Игрушечные корабли;-;new;11301;https://lalafo.az/azerbaijan/igrushki/oyuncaq-neqliyyat/oyuncaq-gemiler;;add;dropdown;425;Доставка;;;;;add;27236;https://lalafo.az/azerbaijan/igrushki/oyuncaq-neqliyyat/oyuncaq-gemiler/p-27236-customer-pickup;Самовывоз
Детский мир;Игрушки;Игрушечный транспорт;Игрушечные корабли;-;new;11301;https://lalafo.az/azerbaijan/igrushki/oyuncaq-neqliyyat/oyuncaq-gemiler;;add;dropdown;425;Доставка;;;;;add;30644;https://lalafo.az/azerbaijan/igrushki/oyuncaq-neqliyyat/oyuncaq-gemiler/delivery-to-areas;Доставка в районы
Детский мир;Игрушки;Игрушечный транспорт;Игрушечные корабли;-;new;11301;https://lalafo.az/azerbaijan/igrushki/oyuncaq-neqliyyat/oyuncaq-gemiler;;add;dropdown;425;Доставка;;;;;add;27240;https://lalafo.az/azerbaijan/igrushki/oyuncaq-neqliyyat/oyuncaq-gemiler/free-delivery;Бесплатная доставка
Детский мир;Игрушки;Игрушечный транспорт;Игрушечные корабли;-;new;11301;https://lalafo.az/azerbaijan/igrushki/oyuncaq-neqliyyat/oyuncaq-gemiler;;add;dropdown;425;Доставка;;;;;add;27241;https://lalafo.az/azerbaijan/igrushki/oyuncaq-neqliyyat/oyuncaq-gemiler/paid-delivery;Платная доставка
Детский мир;Игрушки;Игрушечный транспорт;Игрушечные краны;-;new;11304;https://lalafo.az/azerbaijan/igrushki/oyuncaq-neqliyyat/oyuncaq-kranlar;;;;;;;;;;;;;
Детский мир;Игрушки;Игрушечный транспорт;Игрушечные краны;-;new;11304;https://lalafo.az/azerbaijan/igrushki/oyuncaq-neqliyyat/oyuncaq-kranlar;;add;dropdown;29;Состояние;ЛОЖЬ;ИСТИНА;ИСТИНА;;;;;
Детский мир;Игрушки;Игрушечный транспорт;Игрушечные краны;-;new;11304;https://lalafo.az/azerbaijan/igrushki/oyuncaq-neqliyyat/oyuncaq-kranlar;;add;dropdown;29;Состояние;;;;;add;2757;https://lalafo.az/azerbaijan/igrushki/oyuncaq-neqliyyat/oyuncaq-kranlar/new;Новый
Детский мир;Игрушки;Игрушечный транспорт;Игрушечные краны;-;new;11304;https://lalafo.az/azerbaijan/igrushki/oyuncaq-neqliyyat/oyuncaq-kranlar;;add;dropdown;29;Состояние;;;;;add;2756;https://lalafo.az/azerbaijan/igrushki/oyuncaq-neqliyyat/oyuncaq-kranlar/used;Б/у
Детский мир;Игрушки;Игрушечный транспорт;Игрушечные краны;-;new;11304;https://lalafo.az/azerbaijan/igrushki/oyuncaq-neqliyyat/oyuncaq-kranlar;;add;dropdown;425;Доставка;ИСТИНА;ИСТИНА;ИСТИНА;;;;;
Детский мир;Игрушки;Игрушечный транспорт;Игрушечные краны;-;new;11304;https://lalafo.az/azerbaijan/igrushki/oyuncaq-neqliyyat/oyuncaq-kranlar;;add;dropdown;425;Доставка;;;;;add;27236;https://lalafo.az/azerbaijan/igrushki/oyuncaq-neqliyyat/oyuncaq-kranlar/p-27236-customer-pickup;Самовывоз
Детский мир;Игрушки;Игрушечный транспорт;Игрушечные краны;-;new;11304;https://lalafo.az/azerbaijan/igrushki/oyuncaq-neqliyyat/oyuncaq-kranlar;;add;dropdown;425;Доставка;;;;;add;30644;https://lalafo.az/azerbaijan/igrushki/oyuncaq-neqliyyat/oyuncaq-kranlar/delivery-to-areas;Доставка в районы
Детский мир;Игрушки;Игрушечный транспорт;Игрушечные краны;-;new;11304;https://lalafo.az/azerbaijan/igrushki/oyuncaq-neqliyyat/oyuncaq-kranlar;;add;dropdown;425;Доставка;;;;;add;27240;https://lalafo.az/azerbaijan/igrushki/oyuncaq-neqliyyat/oyuncaq-kranlar/free-delivery;Бесплатная доставка
Детский мир;Игрушки;Игрушечный транспорт;Игрушечные краны;-;new;11304;https://lalafo.az/azerbaijan/igrushki/oyuncaq-neqliyyat/oyuncaq-kranlar;;add;dropdown;425;Доставка;;;;;add;27241;https://lalafo.az/azerbaijan/igrushki/oyuncaq-neqliyyat/oyuncaq-kranlar/paid-delivery;Платная доставка
Детский мир;Игрушки;Игрушечный транспорт;Игрушечные мотоциклы;-;new;11302;https://lalafo.az/azerbaijan/igrushki/oyuncaq-neqliyyat/oyuncaq-motosikletler;;;;;;;;;;;;;
Детский мир;Игрушки;Игрушечный транспорт;Игрушечные мотоциклы;-;new;11302;https://lalafo.az/azerbaijan/igrushki/oyuncaq-neqliyyat/oyuncaq-motosikletler;;add;dropdown;29;Состояние;ЛОЖЬ;ИСТИНА;ИСТИНА;;;;;
Детский мир;Игрушки;Игрушечный транспорт;Игрушечные мотоциклы;-;new;11302;https://lalafo.az/azerbaijan/igrushki/oyuncaq-neqliyyat/oyuncaq-motosikletler;;add;dropdown;29;Состояние;;;;;add;2757;https://lalafo.az/azerbaijan/igrushki/oyuncaq-neqliyyat/oyuncaq-motosikletler/new;Новый
Детский мир;Игрушки;Игрушечный транспорт;Игрушечные мотоциклы;-;new;11302;https://lalafo.az/azerbaijan/igrushki/oyuncaq-neqliyyat/oyuncaq-motosikletler;;add;dropdown;29;Состояние;;;;;add;2756;https://lalafo.az/azerbaijan/igrushki/oyuncaq-neqliyyat/oyuncaq-motosikletler/used;Б/у
Детский мир;Игрушки;Игрушечный транспорт;Игрушечные мотоциклы;-;new;11302;https://lalafo.az/azerbaijan/igrushki/oyuncaq-neqliyyat/oyuncaq-motosikletler;;add;dropdown;425;Доставка;ИСТИНА;ИСТИНА;ИСТИНА;;;;;
Детский мир;Игрушки;Игрушечный транспорт;Игрушечные мотоциклы;-;new;11302;https://lalafo.az/azerbaijan/igrushki/oyuncaq-neqliyyat/oyuncaq-motosikletler;;add;dropdown;425;Доставка;;;;;add;27236;https://lalafo.az/azerbaijan/igrushki/oyuncaq-neqliyyat/oyuncaq-motosikletler/p-27236-customer-pickup;Самовывоз
Детский мир;Игрушки;Игрушечный транспорт;Игрушечные мотоциклы;-;new;11302;https://lalafo.az/azerbaijan/igrushki/oyuncaq-neqliyyat/oyuncaq-motosikletler;;add;dropdown;425;Доставка;;;;;add;30644;https://lalafo.az/azerbaijan/igrushki/oyuncaq-neqliyyat/oyuncaq-motosikletler/delivery-to-areas;Доставка в районы
Детский мир;Игрушки;Игрушечный транспорт;Игрушечные мотоциклы;-;new;11302;https://lalafo.az/azerbaijan/igrushki/oyuncaq-neqliyyat/oyuncaq-motosikletler;;add;dropdown;425;Доставка;;;;;add;27240;https://lalafo.az/azerbaijan/igrushki/oyuncaq-neqliyyat/oyuncaq-motosikletler/free-delivery;Бесплатная доставка
Детский мир;Игрушки;Игрушечный транспорт;Игрушечные мотоциклы;-;new;11302;https://lalafo.az/azerbaijan/igrushki/oyuncaq-neqliyyat/oyuncaq-motosikletler;;add;dropdown;425;Доставка;;;;;add;27241;https://lalafo.az/azerbaijan/igrushki/oyuncaq-neqliyyat/oyuncaq-motosikletler/paid-delivery;Платная доставка
Детский мир;Игрушки;Игрушечный транспорт;Игрушечные экскаваторы;-;new;11305;https://lalafo.az/azerbaijan/igrushki/oyuncaq-neqliyyat/oyuncaq-ekskavatorlar;;;;;;;;;;;;;
Детский мир;Игрушки;Игрушечный транспорт;Игрушечные экскаваторы;-;new;11305;https://lalafo.az/azerbaijan/igrushki/oyuncaq-neqliyyat/oyuncaq-ekskavatorlar;;add;dropdown;29;Состояние;ЛОЖЬ;ИСТИНА;ИСТИНА;;;;;
Детский мир;Игрушки;Игрушечный транспорт;Игрушечные экскаваторы;-;new;11305;https://lalafo.az/azerbaijan/igrushki/oyuncaq-neqliyyat/oyuncaq-ekskavatorlar;;add;dropdown;29;Состояние;;;;;add;2757;https://lalafo.az/azerbaijan/igrushki/oyuncaq-neqliyyat/oyuncaq-ekskavatorlar/new;Новый
Детский мир;Игрушки;Игрушечный транспорт;Игрушечные экскаваторы;-;new;11305;https://lalafo.az/azerbaijan/igrushki/oyuncaq-neqliyyat/oyuncaq-ekskavatorlar;;add;dropdown;29;Состояние;;;;;add;2756;https://lalafo.az/azerbaijan/igrushki/oyuncaq-neqliyyat/oyuncaq-ekskavatorlar/used;Б/у
Детский мир;Игрушки;Игрушечный транспорт;Игрушечные экскаваторы;-;new;11305;https://lalafo.az/azerbaijan/igrushki/oyuncaq-neqliyyat/oyuncaq-ekskavatorlar;;add;dropdown;425;Доставка;ИСТИНА;ИСТИНА;ИСТИНА;;;;;
Детский мир;Игрушки;Игрушечный транспорт;Игрушечные экскаваторы;-;new;11305;https://lalafo.az/azerbaijan/igrushki/oyuncaq-neqliyyat/oyuncaq-ekskavatorlar;;add;dropdown;425;Доставка;;;;;add;27236;https://lalafo.az/azerbaijan/igrushki/oyuncaq-neqliyyat/oyuncaq-ekskavatorlar/p-27236-customer-pickup;Самовывоз
Детский мир;Игрушки;Игрушечный транспорт;Игрушечные экскаваторы;-;new;11305;https://lalafo.az/azerbaijan/igrushki/oyuncaq-neqliyyat/oyuncaq-ekskavatorlar;;add;dropdown;425;Доставка;;;;;add;30644;https://lalafo.az/azerbaijan/igrushki/oyuncaq-neqliyyat/oyuncaq-ekskavatorlar/delivery-to-areas;Доставка в районы
Детский мир;Игрушки;Игрушечный транспорт;Игрушечные экскаваторы;-;new;11305;https://lalafo.az/azerbaijan/igrushki/oyuncaq-neqliyyat/oyuncaq-ekskavatorlar;;add;dropdown;425;Доставка;;;;;add;27240;https://lalafo.az/azerbaijan/igrushki/oyuncaq-neqliyyat/oyuncaq-ekskavatorlar/free-delivery;Бесплатная доставка
Детский мир;Игрушки;Игрушечный транспорт;Игрушечные экскаваторы;-;new;11305;https://lalafo.az/azerbaijan/igrushki/oyuncaq-neqliyyat/oyuncaq-ekskavatorlar;;add;dropdown;425;Доставка;;;;;add;27241;https://lalafo.az/azerbaijan/igrushki/oyuncaq-neqliyyat/oyuncaq-ekskavatorlar/paid-delivery;Платная доставка
Детский мир;Игрушки;Игрушечный транспорт;Игрушечные тракторы;-;new;11498;https://lalafo.az/azerbaijan/igrushki/oyuncaq-neqliyyat/oyuncaq-traktorlar;;;;;;;;;;;;;
Детский мир;Игрушки;Игрушечный транспорт;Игрушечные тракторы;-;new;11498;https://lalafo.az/azerbaijan/igrushki/oyuncaq-neqliyyat/oyuncaq-traktorlar;;add;dropdown;29;Состояние;ЛОЖЬ;ИСТИНА;ИСТИНА;;;;;
Детский мир;Игрушки;Игрушечный транспорт;Игрушечные тракторы;-;new;11498;https://lalafo.az/azerbaijan/igrushki/oyuncaq-neqliyyat/oyuncaq-traktorlar;;add;dropdown;29;Состояние;;;;;add;2757;https://lalafo.az/azerbaijan/igrushki/oyuncaq-neqliyyat/oyuncaq-traktorlar/new;Новый
Детский мир;Игрушки;Игрушечный транспорт;Игрушечные тракторы;-;new;11498;https://lalafo.az/azerbaijan/igrushki/oyuncaq-neqliyyat/oyuncaq-traktorlar;;add;dropdown;29;Состояние;;;;;add;2756;https://lalafo.az/azerbaijan/igrushki/oyuncaq-neqliyyat/oyuncaq-traktorlar/used;Б/у
Детский мир;Игрушки;Игрушечный транспорт;Игрушечные тракторы;-;new;11498;https://lalafo.az/azerbaijan/igrushki/oyuncaq-neqliyyat/oyuncaq-traktorlar;;add;dropdown;425;Доставка;ИСТИНА;ИСТИНА;ИСТИНА;;;;;
Детский мир;Игрушки;Игрушечный транспорт;Игрушечные тракторы;-;new;11498;https://lalafo.az/azerbaijan/igrushki/oyuncaq-neqliyyat/oyuncaq-traktorlar;;add;dropdown;425;Доставка;;;;;add;27236;https://lalafo.az/azerbaijan/igrushki/oyuncaq-neqliyyat/oyuncaq-traktorlar/p-27236-customer-pickup;Самовывоз
Детский мир;Игрушки;Игрушечный транспорт;Игрушечные тракторы;-;new;11498;https://lalafo.az/azerbaijan/igrushki/oyuncaq-neqliyyat/oyuncaq-traktorlar;;add;dropdown;425;Доставка;;;;;add;30644;https://lalafo.az/azerbaijan/igrushki/oyuncaq-neqliyyat/oyuncaq-traktorlar/delivery-to-areas;Доставка в районы
Детский мир;Игрушки;Игрушечный транспорт;Игрушечные тракторы;-;new;11498;https://lalafo.az/azerbaijan/igrushki/oyuncaq-neqliyyat/oyuncaq-traktorlar;;add;dropdown;425;Доставка;;;;;add;27240;https://lalafo.az/azerbaijan/igrushki/oyuncaq-neqliyyat/oyuncaq-traktorlar/free-delivery;Бесплатная доставка
Детский мир;Игрушки;Игрушечный транспорт;Игрушечные тракторы;-;new;11498;https://lalafo.az/azerbaijan/igrushki/oyuncaq-neqliyyat/oyuncaq-traktorlar;;add;dropdown;425;Доставка;;;;;add;27241;https://lalafo.az/azerbaijan/igrushki/oyuncaq-neqliyyat/oyuncaq-traktorlar/paid-delivery;Платная доставка
Детский мир;Игрушки;Игрушечный транспорт;Игрушечные танки;-;new;11303;https://lalafo.az/azerbaijan/igrushki/oyuncaq-neqliyyat/oyuncaq-tanklar;;;;;;;;;;;;;
Детский мир;Игрушки;Игрушечный транспорт;Игрушечные танки;-;new;11303;https://lalafo.az/azerbaijan/igrushki/oyuncaq-neqliyyat/oyuncaq-tanklar;;add;dropdown;29;Состояние;ЛОЖЬ;ИСТИНА;ИСТИНА;;;;;
Детский мир;Игрушки;Игрушечный транспорт;Игрушечные танки;-;new;11303;https://lalafo.az/azerbaijan/igrushki/oyuncaq-neqliyyat/oyuncaq-tanklar;;add;dropdown;29;Состояние;;;;;add;2757;https://lalafo.az/azerbaijan/igrushki/oyuncaq-neqliyyat/oyuncaq-tanklar/new;Новый
Детский мир;Игрушки;Игрушечный транспорт;Игрушечные танки;-;new;11303;https://lalafo.az/azerbaijan/igrushki/oyuncaq-neqliyyat/oyuncaq-tanklar;;add;dropdown;29;Состояние;;;;;add;2756;https://lalafo.az/azerbaijan/igrushki/oyuncaq-neqliyyat/oyuncaq-tanklar/used;Б/у
Детский мир;Игрушки;Игрушечный транспорт;Игрушечные танки;-;new;11303;https://lalafo.az/azerbaijan/igrushki/oyuncaq-neqliyyat/oyuncaq-tanklar;;add;dropdown;425;Доставка;ИСТИНА;ИСТИНА;ИСТИНА;;;;;
Детский мир;Игрушки;Игрушечный транспорт;Игрушечные танки;-;new;11303;https://lalafo.az/azerbaijan/igrushki/oyuncaq-neqliyyat/oyuncaq-tanklar;;add;dropdown;425;Доставка;;;;;add;27236;https://lalafo.az/azerbaijan/igrushki/oyuncaq-neqliyyat/oyuncaq-tanklar/p-27236-customer-pickup;Самовывоз
Детский мир;Игрушки;Игрушечный транспорт;Игрушечные танки;-;new;11303;https://lalafo.az/azerbaijan/igrushki/oyuncaq-neqliyyat/oyuncaq-tanklar;;add;dropdown;425;Доставка;;;;;add;30644;https://lalafo.az/azerbaijan/igrushki/oyuncaq-neqliyyat/oyuncaq-tanklar/delivery-to-areas;Доставка в районы
Детский мир;Игрушки;Игрушечный транспорт;Игрушечные танки;-;new;11303;https://lalafo.az/azerbaijan/igrushki/oyuncaq-neqliyyat/oyuncaq-tanklar;;add;dropdown;425;Доставка;;;;;add;27240;https://lalafo.az/azerbaijan/igrushki/oyuncaq-neqliyyat/oyuncaq-tanklar/free-delivery;Бесплатная доставка
Детский мир;Игрушки;Игрушечный транспорт;Игрушечные танки;-;new;11303;https://lalafo.az/azerbaijan/igrushki/oyuncaq-neqliyyat/oyuncaq-tanklar;;add;dropdown;425;Доставка;;;;;add;27241;https://lalafo.az/azerbaijan/igrushki/oyuncaq-neqliyyat/oyuncaq-tanklar/paid-delivery;Платная доставка
Детский мир;Игрушки;Игрушечный транспорт;Другой игрушечный транспорт;-;new;11174;https://lalafo.az/azerbaijan/igrushki/oyuncaq-neqliyyat/diger-oyuncaq-neqliyyat;;;;;;;;;;;;;
Детский мир;Игрушки;Игрушечный транспорт;Другой игрушечный транспорт;-;new;11174;https://lalafo.az/azerbaijan/igrushki/oyuncaq-neqliyyat/diger-oyuncaq-neqliyyat;;add;dropdown;29;Состояние;ЛОЖЬ;ИСТИНА;ИСТИНА;;;;;
Детский мир;Игрушки;Игрушечный транспорт;Другой игрушечный транспорт;-;new;11174;https://lalafo.az/azerbaijan/igrushki/oyuncaq-neqliyyat/diger-oyuncaq-neqliyyat;;add;dropdown;425;Доставка;ИСТИНА;ИСТИНА;ИСТИНА;;;;;
Детский мир;Игрушки;Мягкие игрушки;-;-;new;11106;https://lalafo.az/azerbaijan/igrushki/yumshaq-oyuncaqlar;;;;;;;;;;;;;
Детский мир;Игрушки;Мягкие игрушки;-;-;new;11106;https://lalafo.az/azerbaijan/igrushki/yumshaq-oyuncaqlar;;add;dropdown;29;Состояние;ЛОЖЬ;ИСТИНА;ИСТИНА;;;;;
Детский мир;Игрушки;Мягкие игрушки;-;-;new;11106;https://lalafo.az/azerbaijan/igrushki/yumshaq-oyuncaqlar;;add;dropdown;425;Доставка;ИСТИНА;ИСТИНА;ИСТИНА;;;;;
Детский мир;Игрушки;Мягкие игрушки;-;-;new;11106;https://lalafo.az/azerbaijan/igrushki/yumshaq-oyuncaqlar;;new;dropdown;5389;Тип плюшевой игрушки;ИСТИНА;ИСТИНА;ЛОЖЬ;;;;;
Детский мир;Игрушки;Мягкие игрушки;-;-;new;11106;https://lalafo.az/azerbaijan/igrushki/yumshaq-oyuncaqlar;;new;dropdown;5389;Тип плюшевой игрушки;;;;;new;76786;https://lalafo.az/azerbaijan/igrushki/yumshaq-oyuncaqlar/banban;Банбан
Детский мир;Игрушки;Мягкие игрушки;-;-;new;11106;https://lalafo.az/azerbaijan/igrushki/yumshaq-oyuncaqlar;;new;dropdown;5389;Тип плюшевой игрушки;;;;;new;76880;https://lalafo.az/azerbaijan/igrushki/yumshaq-oyuncaqlar/kaktus;Кактус
Детский мир;Игрушки;Мягкие игрушки;-;-;new;11106;https://lalafo.az/azerbaijan/igrushki/yumshaq-oyuncaqlar;;new;dropdown;5389;Тип плюшевой игрушки;;;;;new;76873;https://lalafo.az/azerbaijan/igrushki/yumshaq-oyuncaqlar/pishik;Кошка
Детский мир;Игрушки;Мягкие игрушки;-;-;new;11106;https://lalafo.az/azerbaijan/igrushki/yumshaq-oyuncaqlar;;new;dropdown;5389;Тип плюшевой игрушки;;;;;new;76785;https://lalafo.az/azerbaijan/igrushki/yumshaq-oyuncaqlar/maral;Олень
Детский мир;Игрушки;Мягкие игрушки;-;-;new;11106;https://lalafo.az/azerbaijan/igrushki/yumshaq-oyuncaqlar;;new;dropdown;5389;Тип плюшевой игрушки;;;;;new;76872;https://lalafo.az/azerbaijan/igrushki/yumshaq-oyuncaqlar/i?t;Собака
Детский мир;Игрушки;Мягкие игрушки;-;-;new;11106;https://lalafo.az/azerbaijan/igrushki/yumshaq-oyuncaqlar;;new;dropdown;5389;Тип плюшевой игрушки;;;;;new;76783;https://lalafo.az/azerbaijan/igrushki/yumshaq-oyuncaqlar/ordek;Утка
Детский мир;Игрушки;Мягкие игрушки;-;-;new;11106;https://lalafo.az/azerbaijan/igrushki/yumshaq-oyuncaqlar;;new;dropdown;5389;Тип плюшевой игрушки;;;;;new;76890;https://lalafo.az/azerbaijan/igrushki/yumshaq-oyuncaqlar/furby;Ферби
Детский мир;Игрушки;Мягкие игрушки;-;-;new;11106;https://lalafo.az/azerbaijan/igrushki/yumshaq-oyuncaqlar;;new;dropdown;5389;Тип плюшевой игрушки;;;;;new;76784;https://lalafo.az/azerbaijan/igrushki/yumshaq-oyuncaqlar/huggy-wuggy;Хагги Вагги
Детский мир;Игрушки;Мягкие игрушки;-;-;new;11106;https://lalafo.az/azerbaijan/igrushki/yumshaq-oyuncaqlar;;new;dropdown;5389;Тип плюшевой игрушки;;;;;new;76871;https://lalafo.az/azerbaijan/igrushki/yumshaq-oyuncaqlar/kuromi;Куроми
Детский мир;Игрушки;Мягкие игрушки;-;-;new;11106;https://lalafo.az/azerbaijan/igrushki/yumshaq-oyuncaqlar;;new;dropdown;5389;Тип плюшевой игрушки;;;;;new;76751;https://lalafo.az/azerbaijan/igrushki/yumshaq-oyuncaqlar/labubu;Лабубу
Детский мир;Игрушки;Мягкие игрушки;-;-;new;11106;https://lalafo.az/azerbaijan/igrushki/yumshaq-oyuncaqlar;;new;dropdown;5389;Тип плюшевой игрушки;;;;;new;76759;https://lalafo.az/azerbaijan/igrushki/yumshaq-oyuncaqlar/my-little-pony;Мой маленький пони
Детский мир;Игрушки;Мягкие игрушки;-;-;new;11106;https://lalafo.az/azerbaijan/igrushki/yumshaq-oyuncaqlar;;new;dropdown;5389;Тип плюшевой игрушки;;;;;new;76825;https://lalafo.az/azerbaijan/igrushki/yumshaq-oyuncaqlar/diger-pelush-oyuncaqlar;Другие плюшевые игрушки
Детский мир;Игрушки;Мягкие игрушки;-;-;new;11106;https://lalafo.az/azerbaijan/igrushki/yumshaq-oyuncaqlar;;new;dropdown;5389;Тип плюшевой игрушки;;;;;new;76782;https://lalafo.az/azerbaijan/igrushki/yumshaq-oyuncaqlar/pinqvin;Пингвин
Детский мир;Игрушки;Мягкие игрушки;-;-;new;11106;https://lalafo.az/azerbaijan/igrushki/yumshaq-oyuncaqlar;;new;dropdown;5389;Тип плюшевой игрушки;;;;;new;76757;https://lalafo.az/azerbaijan/igrushki/yumshaq-oyuncaqlar/pelush-qurbagha;Лягушка
Детский мир;Игрушки;Мягкие игрушки;-;-;new;11106;https://lalafo.az/azerbaijan/igrushki/yumshaq-oyuncaqlar;;new;dropdown;5389;Тип плюшевой игрушки;;;;;new;76755;https://lalafo.az/azerbaijan/igrushki/yumshaq-oyuncaqlar/pelush-zurafe;Жираф
Детский мир;Игрушки;Мягкие игрушки;-;-;new;11106;https://lalafo.az/azerbaijan/igrushki/yumshaq-oyuncaqlar;;new;dropdown;5389;Тип плюшевой игрушки;;;;;new;76758;https://lalafo.az/azerbaijan/igrushki/yumshaq-oyuncaqlar/pelush-qaz;Гусь
Детский мир;Игрушки;Мягкие игрушки;-;-;new;11106;https://lalafo.az/azerbaijan/igrushki/yumshaq-oyuncaqlar;;new;dropdown;5389;Тип плюшевой игрушки;;;;;new;76754;https://lalafo.az/azerbaijan/igrushki/yumshaq-oyuncaqlar/pelush-meymun;Обезьяна
Детский мир;Игрушки;Мягкие игрушки;-;-;new;11106;https://lalafo.az/azerbaijan/igrushki/yumshaq-oyuncaqlar;;new;dropdown;5389;Тип плюшевой игрушки;;;;;new;76756;https://lalafo.az/azerbaijan/igrushki/yumshaq-oyuncaqlar/pelush-panda;Панда
Детский мир;Игрушки;Мягкие игрушки;-;-;new;11106;https://lalafo.az/azerbaijan/igrushki/yumshaq-oyuncaqlar;;new;dropdown;5389;Тип плюшевой игрушки;;;;;new;76760;https://lalafo.az/azerbaijan/igrushki/yumshaq-oyuncaqlar/pelush-dovshan;Кролик
Детский мир;Игрушки;Мягкие игрушки;-;-;new;11106;https://lalafo.az/azerbaijan/igrushki/yumshaq-oyuncaqlar;;new;dropdown;5389;Тип плюшевой игрушки;;;;;new;76753;https://lalafo.az/azerbaijan/igrushki/yumshaq-oyuncaqlar/pelush-qoyun;Овца
Детский мир;Игрушки;Мягкие игрушки;-;-;new;11106;https://lalafo.az/azerbaijan/igrushki/yumshaq-oyuncaqlar;;new;dropdown;5389;Тип плюшевой игрушки;;;;;new;76752;https://lalafo.az/azerbaijan/igrushki/yumshaq-oyuncaqlar/pelush-ayi;Мишка
Детский мир;Игрушки;Мягкие игрушки;-;-;new;11106;https://lalafo.az/azerbaijan/igrushki/yumshaq-oyuncaqlar;;new;dropdown;5389;Тип плюшевой игрушки;;;;;new;76761;https://lalafo.az/azerbaijan/igrushki/yumshaq-oyuncaqlar/pelush-peleng;Тигр
Детский мир;Игрушки;Мягкие игрушки;-;-;new;11106;https://lalafo.az/azerbaijan/igrushki/yumshaq-oyuncaqlar;;new;dropdown;5389;Тип плюшевой игрушки;;;;;new;76787;https://lalafo.az/azerbaijan/igrushki/yumshaq-oyuncaqlar/kopek-balighi;Акула
Детский мир;Игрушки;Мягкие игрушки;-;-;new;11106;https://lalafo.az/azerbaijan/igrushki/yumshaq-oyuncaqlar;;new;dropdown;5389;Тип плюшевой игрушки;;;;;new;76884;https://lalafo.az/azerbaijan/igrushki/yumshaq-oyuncaqlar/dele;Белка
Детский мир;Игрушки;Мягкие игрушки;-;-;new;11106;https://lalafo.az/azerbaijan/igrushki/yumshaq-oyuncaqlar;;new;dropdown;5389;Тип плюшевой игрушки;;;;;new;76874;https://lalafo.az/azerbaijan/igrushki/yumshaq-oyuncaqlar/telepuzik;Телепузик
Детский мир;Игрушки;Мягкие игрушки;-;-;new;11106;https://lalafo.az/azerbaijan/igrushki/yumshaq-oyuncaqlar;;new;dropdown;5395;Особенности;ИСТИНА;ИСТИНА;ЛОЖЬ;;;;;
Детский мир;Игрушки;Мягкие игрушки;-;-;new;11106;https://lalafo.az/azerbaijan/igrushki/yumshaq-oyuncaqlar;;new;dropdown;5395;Особенности;;;;;new;76841;https://lalafo.az/azerbaijan/igrushki/yumshaq-oyuncaqlar/nefes-alan;Дышащая
Детский мир;Игрушки;Мягкие игрушки;-;-;new;11106;https://lalafo.az/azerbaijan/igrushki/yumshaq-oyuncaqlar;;new;dropdown;5395;Особенности;;;;;new;76840;https://lalafo.az/azerbaijan/igrushki/yumshaq-oyuncaqlar/danishan;Говорящая
Детский мир;Игрушки;Игрушечные фигурки;-;-;new;11114;https://lalafo.az/azerbaijan/igrushki/oyuncaq-fiqurlar;;;;;;;;;;;;;
Детский мир;Игрушки;Игрушечные фигурки;-;-;new;11114;https://lalafo.az/azerbaijan/igrushki/oyuncaq-fiqurlar;;add;dropdown;29;Состояние;ЛОЖЬ;ИСТИНА;ИСТИНА;;;;;
Детский мир;Игрушки;Игрушечные фигурки;-;-;new;11114;https://lalafo.az/azerbaijan/igrushki/oyuncaq-fiqurlar;;add;dropdown;425;Доставка;ИСТИНА;ИСТИНА;ИСТИНА;;;;;
Детский мир;Игрушки;Игрушечные фигурки;-;-;new;11114;https://lalafo.az/azerbaijan/igrushki/oyuncaq-fiqurlar;;new;dropdown;5377;Тип фигурок;ИСТИНА;ИСТИНА;ЛОЖЬ;;;;;
Детский мир;Игрушки;Игрушечные фигурки;-;-;new;11114;https://lalafo.az/azerbaijan/igrushki/oyuncaq-fiqurlar;;new;dropdown;5377;Тип фигурок;;;;;new;76592;https://lalafo.az/azerbaijan/igrushki/oyuncaq-fiqurlar/anime-fiqurlari_76592_13;Аниме фигурки
Детский мир;Игрушки;Игрушечные фигурки;-;-;new;11114;https://lalafo.az/azerbaijan/igrushki/oyuncaq-fiqurlar;;new;dropdown;5377;Тип фигурок;;;;;new;76870;https://lalafo.az/azerbaijan/igrushki/oyuncaq-fiqurlar/bashqa-oyuncaq-novu;Другой тип игрушек
Детский мир;Игрушки;Игрушечные фигурки;-;-;new;11114;https://lalafo.az/azerbaijan/igrushki/oyuncaq-fiqurlar;;new;dropdown;5377;Тип фигурок;;;;;new;76849;https://lalafo.az/azerbaijan/igrushki/oyuncaq-fiqurlar/batman_76849_13;Бэтмен
Детский мир;Игрушки;Игрушечные фигурки;-;-;new;11114;https://lalafo.az/azerbaijan/igrushki/oyuncaq-fiqurlar;;new;dropdown;5377;Тип фигурок;;;;;new;76865;https://lalafo.az/azerbaijan/igrushki/oyuncaq-fiqurlar/ben-10_76865_13;Бен 10
Детский мир;Игрушки;Игрушечные фигурки;-;-;new;11114;https://lalafo.az/azerbaijan/igrushki/oyuncaq-fiqurlar;;new;dropdown;5377;Тип фигурок;;;;;new;76869;https://lalafo.az/azerbaijan/igrushki/oyuncaq-fiqurlar/deadpool_76869_13;Дэдпул
Детский мир;Игрушки;Игрушечные фигурки;-;-;new;11114;https://lalafo.az/azerbaijan/igrushki/oyuncaq-fiqurlar;;new;dropdown;5377;Тип фигурок;;;;;new;76851;https://lalafo.az/azerbaijan/igrushki/oyuncaq-fiqurlar/dinozavr_76851_13;Динозавр
Детский мир;Игрушки;Игрушечные фигурки;-;-;new;11114;https://lalafo.az/azerbaijan/igrushki/oyuncaq-fiqurlar;;new;dropdown;5377;Тип фигурок;;;;;new;76591;https://lalafo.az/azerbaijan/igrushki/oyuncaq-fiqurlar/funko-pop-fiqurlari_76591_13;Funko POP
Детский мир;Игрушки;Игрушечные фигурки;-;-;new;11114;https://lalafo.az/azerbaijan/igrushki/oyuncaq-fiqurlar;;new;dropdown;5377;Тип фигурок;;;;;new;76852;https://lalafo.az/azerbaijan/igrushki/oyuncaq-fiqurlar/harry-potter;Гарри Поттер
Детский мир;Игрушки;Игрушечные фигурки;-;-;new;11114;https://lalafo.az/azerbaijan/igrushki/oyuncaq-fiqurlar;;new;dropdown;5377;Тип фигурок;;;;;new;76866;https://lalafo.az/azerbaijan/igrushki/oyuncaq-fiqurlar/hello-kitty_76866_13;Хелло Китти
Детский мир;Игрушки;Игрушечные фигурки;-;-;new;11114;https://lalafo.az/azerbaijan/igrushki/oyuncaq-fiqurlar;;new;dropdown;5377;Тип фигурок;;;;;new;76862;https://lalafo.az/azerbaijan/igrushki/oyuncaq-fiqurlar/joker_76862_13;Джокер
Детский мир;Игрушки;Игрушечные фигурки;-;-;new;11114;https://lalafo.az/azerbaijan/igrushki/oyuncaq-fiqurlar;;new;dropdown;5377;Тип фигурок;;;;;new;76742;https://lalafo.az/azerbaijan/igrushki/oyuncaq-fiqurlar/jurassic-world;Мир юрского периода
Детский мир;Игрушки;Игрушечные фигурки;-;-;new;11114;https://lalafo.az/azerbaijan/igrushki/oyuncaq-fiqurlar;;new;dropdown;5377;Тип фигурок;;;;;new;76589;https://lalafo.az/azerbaijan/igrushki/oyuncaq-fiqurlar/kinder-fiqurlari_76589_13;Kinder
Детский мир;Игрушки;Игрушечные фигурки;-;-;new;11114;https://lalafo.az/azerbaijan/igrushki/oyuncaq-fiqurlar;;new;dropdown;5377;Тип фигурок;;;;;new;76635;https://lalafo.az/azerbaijan/igrushki/oyuncaq-fiqurlar/littlest-pet-shop;Littlest pet shop
Детский мир;Игрушки;Игрушечные фигурки;-;-;new;11114;https://lalafo.az/azerbaijan/igrushki/oyuncaq-fiqurlar;;new;dropdown;5377;Тип фигурок;;;;;new;76863;https://lalafo.az/azerbaijan/igrushki/oyuncaq-fiqurlar/mario_76863_13;Марио
Детский мир;Игрушки;Игрушечные фигурки;-;-;new;11114;https://lalafo.az/azerbaijan/igrushki/oyuncaq-fiqurlar;;new;dropdown;5377;Тип фигурок;;;;;new;76602;https://lalafo.az/azerbaijan/igrushki/oyuncaq-fiqurlar/marvel;Марвел
Детский мир;Игрушки;Игрушечные фигурки;-;-;new;11114;https://lalafo.az/azerbaijan/igrushki/oyuncaq-fiqurlar;;new;dropdown;5377;Тип фигурок;;;;;new;76590;https://lalafo.az/azerbaijan/igrushki/oyuncaq-fiqurlar/mcdonalds-fiqurlari_76590_13;McDonalds
Детский мир;Игрушки;Игрушечные фигурки;-;-;new;11114;https://lalafo.az/azerbaijan/igrushki/oyuncaq-fiqurlar;;new;dropdown;5377;Тип фигурок;;;;;new;76860;https://lalafo.az/azerbaijan/igrushki/oyuncaq-fiqurlar/su-perisi_76860_13;Русалка
Детский мир;Игрушки;Игрушечные фигурки;-;-;new;11114;https://lalafo.az/azerbaijan/igrushki/oyuncaq-fiqurlar;;new;dropdown;5377;Тип фигурок;;;;;new;76868;https://lalafo.az/azerbaijan/igrushki/oyuncaq-fiqurlar/mikki-maus_76868_13;Микки Маус
Детский мир;Игрушки;Игрушечные фигурки;-;-;new;11114;https://lalafo.az/azerbaijan/igrushki/oyuncaq-fiqurlar;;new;dropdown;5377;Тип фигурок;;;;;new;76603;https://lalafo.az/azerbaijan/igrushki/oyuncaq-fiqurlar/minecraft;Minecraft
Детский мир;Игрушки;Игрушечные фигурки;-;-;new;11114;https://lalafo.az/azerbaijan/igrushki/oyuncaq-fiqurlar;;new;dropdown;5377;Тип фигурок;;;;;new;76853;https://lalafo.az/azerbaijan/igrushki/oyuncaq-fiqurlar/minyon;Миньон
Детский мир;Игрушки;Игрушечные фигурки;-;-;new;11114;https://lalafo.az/azerbaijan/igrushki/oyuncaq-fiqurlar;;new;dropdown;5377;Тип фигурок;;;;;new;76741;https://lalafo.az/azerbaijan/igrushki/oyuncaq-fiqurlar/mortal-kombat;Mortal Kombat
Детский мир;Игрушки;Игрушечные фигурки;-;-;new;11114;https://lalafo.az/azerbaijan/igrushki/oyuncaq-fiqurlar;;new;dropdown;5377;Тип фигурок;;;;;new;76634;https://lalafo.az/azerbaijan/igrushki/oyuncaq-fiqurlar/my-little-pony_76634_13;My little pony
Детский мир;Игрушки;Игрушечные фигурки;-;-;new;11114;https://lalafo.az/azerbaijan/igrushki/oyuncaq-fiqurlar;;new;dropdown;5377;Тип фигурок;;;;;new;76642;https://lalafo.az/azerbaijan/igrushki/oyuncaq-fiqurlar/paw-patrol;Щенячий патруль
Детский мир;Игрушки;Игрушечные фигурки;-;-;new;11114;https://lalafo.az/azerbaijan/igrushki/oyuncaq-fiqurlar;;new;dropdown;5377;Тип фигурок;;;;;new;76638;https://lalafo.az/azerbaijan/igrushki/oyuncaq-fiqurlar/pokemon;Покемон
Детский мир;Игрушки;Игрушечные фигурки;-;-;new;11114;https://lalafo.az/azerbaijan/igrushki/oyuncaq-fiqurlar;;new;dropdown;5377;Тип фигурок;;;;;new;76847;https://lalafo.az/azerbaijan/igrushki/oyuncaq-fiqurlar/poni_76847_13;Пони
Детский мир;Игрушки;Игрушечные фигурки;-;-;new;11114;https://lalafo.az/azerbaijan/igrushki/oyuncaq-fiqurlar;;new;dropdown;5377;Тип фигурок;;;;;new;76864;https://lalafo.az/azerbaijan/igrushki/oyuncaq-fiqurlar/shrek_76864_13;Шрек
Детский мир;Игрушки;Игрушечные фигурки;-;-;new;11114;https://lalafo.az/azerbaijan/igrushki/oyuncaq-fiqurlar;;new;dropdown;5377;Тип фигурок;;;;;new;76854;https://lalafo.az/azerbaijan/igrushki/oyuncaq-fiqurlar/sonic_76854_13;Соник
Детский мир;Игрушки;Игрушечные фигурки;-;-;new;11114;https://lalafo.az/azerbaijan/igrushki/oyuncaq-fiqurlar;;new;dropdown;5377;Тип фигурок;;;;;new;76848;https://lalafo.az/azerbaijan/igrushki/oyuncaq-fiqurlar/horumchek-adam_76848_13;Человек паук
Детский мир;Игрушки;Игрушечные фигурки;-;-;new;11114;https://lalafo.az/azerbaijan/igrushki/oyuncaq-fiqurlar;;new;dropdown;5377;Тип фигурок;;;;;new;76636;https://lalafo.az/azerbaijan/igrushki/oyuncaq-fiqurlar/squid-game_76636_13;Squid Game
Детский мир;Игрушки;Игрушечные фигурки;-;-;new;11114;https://lalafo.az/azerbaijan/igrushki/oyuncaq-fiqurlar;;new;dropdown;5377;Тип фигурок;;;;;new;76601;https://lalafo.az/azerbaijan/igrushki/oyuncaq-fiqurlar/star-wars;Звёздные войны
Детский мир;Игрушки;Игрушечные фигурки;-;-;new;11114;https://lalafo.az/azerbaijan/igrushki/oyuncaq-fiqurlar;;new;dropdown;5377;Тип фигурок;;;;;new;76850;https://lalafo.az/azerbaijan/igrushki/oyuncaq-fiqurlar/stitch_76850_13;Стич
Детский мир;Игрушки;Игрушечные фигурки;-;-;new;11114;https://lalafo.az/azerbaijan/igrushki/oyuncaq-fiqurlar;;new;dropdown;5377;Тип фигурок;;;;;new;76867;https://lalafo.az/azerbaijan/igrushki/oyuncaq-fiqurlar/woody_76867_13;Вуди
Детский мир;Игрушки;Игрушечные фигурки;-;-;new;11114;https://lalafo.az/azerbaijan/igrushki/oyuncaq-fiqurlar;;new;dropdown;5377;Тип фигурок;;;;;new;76846;https://lalafo.az/azerbaijan/igrushki/oyuncaq-fiqurlar/yoda_76846_13;Йода
Детский мир;Игрушки;Куклы;-;-;new;11103;https://lalafo.az/azerbaijan/igrushki/kuklalar;;;;;;;;;;;;;
Детский мир;Игрушки;Куклы;-;-;new;11103;https://lalafo.az/azerbaijan/igrushki/kuklalar;;add;dropdown;29;Состояние;ЛОЖЬ;ИСТИНА;ИСТИНА;;;;;
Детский мир;Игрушки;Куклы;-;-;new;11103;https://lalafo.az/azerbaijan/igrushki/kuklalar;;add;dropdown;425;Доставка;ИСТИНА;ИСТИНА;ИСТИНА;;;;;
Детский мир;Игрушки;Куклы;-;-;new;11103;https://lalafo.az/azerbaijan/igrushki/kuklalar;;new;dropdown;5291;Бренд;ИСТИНА;ИСТИНА;ЛОЖЬ;;;;;
Детский мир;Игрушки;Куклы;-;-;new;11103;https://lalafo.az/azerbaijan/igrushki/kuklalar;;new;dropdown;5291;Бренд;;;;;new;75466;https://lalafo.az/azerbaijan/igrushki/kuklalar/barbie;Barbie
Детский мир;Игрушки;Куклы;-;-;new;11103;https://lalafo.az/azerbaijan/igrushki/kuklalar;;new;dropdown;5291;Бренд;;;;;new;75467;https://lalafo.az/azerbaijan/igrushki/kuklalar/bratz;Bratz
Детский мир;Игрушки;Куклы;-;-;new;11103;https://lalafo.az/azerbaijan/igrushki/kuklalar;;new;dropdown;5291;Бренд;;;;;new;75551;https://lalafo.az/azerbaijan/igrushki/kuklalar/ever-after-high;Ever After High
Детский мир;Игрушки;Куклы;-;-;new;11103;https://lalafo.az/azerbaijan/igrushki/kuklalar;;new;dropdown;5291;Бренд;;;;;new;76053;https://lalafo.az/azerbaijan/igrushki/kuklalar/lalaloopsy;Lalaloopsy
Детский мир;Игрушки;Куклы;-;-;new;11103;https://lalafo.az/azerbaijan/igrushki/kuklalar;;new;dropdown;5291;Бренд;;;;;new;75470;https://lalafo.az/azerbaijan/igrushki/kuklalar/lol-surprise;L.O.L. Surprise
Детский мир;Игрушки;Куклы;-;-;new;11103;https://lalafo.az/azerbaijan/igrushki/kuklalar;;new;dropdown;5291;Бренд;;;;;new;75468;https://lalafo.az/azerbaijan/igrushki/kuklalar/monster-high;Monster High
Детский мир;Игрушки;Куклы;-;-;new;11103;https://lalafo.az/azerbaijan/igrushki/kuklalar;;new;dropdown;5291;Бренд;;;;;new;75477;https://lalafo.az/azerbaijan/igrushki/kuklalar/diger-brend_75477_13;Другой бренд
Детский мир;Игрушки;Куклы;-;-;new;11103;https://lalafo.az/azerbaijan/igrushki/kuklalar;;new;dropdown;5291;Бренд;;;;;new;75633;https://lalafo.az/azerbaijan/igrushki/kuklalar/winx;Winx
Детский мир;Игрушки;Куклы;-;-;new;11103;https://lalafo.az/azerbaijan/igrushki/kuklalar;;new;dropdown;5384;Особенности;ИСТИНА;ИСТИНА;ЛОЖЬ;;;;;
Детский мир;Игрушки;Куклы;-;-;new;11103;https://lalafo.az/azerbaijan/igrushki/kuklalar;;new;dropdown;5384;Особенности;;;;;new;76674;https://lalafo.az/azerbaijan/igrushki/kuklalar/aghlayan-kukla;Плачущая
Детский мир;Игрушки;Куклы;-;-;new;11103;https://lalafo.az/azerbaijan/igrushki/kuklalar;;new;dropdown;5384;Особенности;;;;;new;76737;https://lalafo.az/azerbaijan/igrushki/kuklalar/real-kukla;Реалистичная
Детский мир;Игрушки;Куклы;-;-;new;11103;https://lalafo.az/azerbaijan/igrushki/kuklalar;;new;dropdown;5384;Особенности;;;;;new;76677;https://lalafo.az/azerbaijan/igrushki/kuklalar/danishan-kukla;Говорящая
Детский мир;Игрушки;Конструкторы;-;-;new;11122;https://lalafo.az/azerbaijan/igrushki/konstruktorlar;;;;;;;;;;;;;
Детский мир;Игрушки;Конструкторы;-;-;new;11122;https://lalafo.az/azerbaijan/igrushki/konstruktorlar;;add;dropdown;29;Состояние;;;;;;;;
Детский мир;Игрушки;Конструкторы;-;-;new;11122;https://lalafo.az/azerbaijan/igrushki/konstruktorlar;;add;dropdown;425;Доставка;;;;;;;;
Детский мир;Игрушки;Конструкторы;Конструкторы типа Lego;-;new;11190;https://lalafo.az/azerbaijan/igrushki/konstruktorlar/lego-tipli-konstruktor-destleri;;;;;;;;;;;;;
Детский мир;Игрушки;Конструкторы;Конструкторы типа Lego;-;new;11190;https://lalafo.az/azerbaijan/igrushki/konstruktorlar/lego-tipli-konstruktor-destleri;;add;dropdown;29;Состояние;ЛОЖЬ;ИСТИНА;ИСТИНА;;;;;
Детский мир;Игрушки;Конструкторы;Конструкторы типа Lego;-;new;11190;https://lalafo.az/azerbaijan/igrushki/konstruktorlar/lego-tipli-konstruktor-destleri;;add;dropdown;425;Доставка;ИСТИНА;ИСТИНА;ИСТИНА;;;;;
Детский мир;Игрушки;Конструкторы;Конструкторы типа Lego;-;new;11190;https://lalafo.az/azerbaijan/igrushki/konstruktorlar/lego-tipli-konstruktor-destleri;;new;dropdown;5320;Серия;ИСТИНА;ИСТИНА;ЛОЖЬ;;;;;
Детский мир;Игрушки;Конструкторы;Конструкторы типа Lego;-;new;11190;https://lalafo.az/azerbaijan/igrushki/konstruktorlar/lego-tipli-konstruktor-destleri;;new;dropdown;5320;Серия;;;;;new;76268;https://lalafo.az/azerbaijan/igrushki/konstruktorlar/lego-tipli-konstruktor-destleri/bionicle;Bionicle
Детский мир;Игрушки;Конструкторы;Конструкторы типа Lego;-;new;11190;https://lalafo.az/azerbaijan/igrushki/konstruktorlar/lego-tipli-konstruktor-destleri;;new;dropdown;5320;Серия;;;;;new;75641;https://lalafo.az/azerbaijan/igrushki/konstruktorlar/lego-tipli-konstruktor-destleri/f1_75641_13;F1
Детский мир;Игрушки;Конструкторы;Конструкторы типа Lego;-;new;11190;https://lalafo.az/azerbaijan/igrushki/konstruktorlar/lego-tipli-konstruktor-destleri;;new;dropdown;5320;Серия;;;;;new;75640;https://lalafo.az/azerbaijan/igrushki/konstruktorlar/lego-tipli-konstruktor-destleri/ninjago_75640_13;Ninjago
Детский мир;Игрушки;Конструкторы;Конструкторы типа Lego;-;new;11190;https://lalafo.az/azerbaijan/igrushki/konstruktorlar/lego-tipli-konstruktor-destleri;;new;dropdown;5320;Серия;;;;;new;75644;https://lalafo.az/azerbaijan/igrushki/konstruktorlar/lego-tipli-konstruktor-destleri/diger-seriyalar;Другие серии
Детский мир;Игрушки;Конструкторы;Конструкторы типа Lego;-;new;11190;https://lalafo.az/azerbaijan/igrushki/konstruktorlar/lego-tipli-konstruktor-destleri;;new;dropdown;5320;Серия;;;;;new;75643;https://lalafo.az/azerbaijan/igrushki/konstruktorlar/lego-tipli-konstruktor-destleri/star-wars_75643_13;Star Wars
Детский мир;Игрушки;Конструкторы;Конструкторы типа Lego;-;new;11190;https://lalafo.az/azerbaijan/igrushki/konstruktorlar/lego-tipli-konstruktor-destleri;;new;dropdown;5320;Серия;;;;;new;75642;https://lalafo.az/azerbaijan/igrushki/konstruktorlar/lego-tipli-konstruktor-destleri/technic_75642_13;Technic
Детский мир;Игрушки;Конструкторы;Магнитные конструкторы;-;new;11204;https://lalafo.az/azerbaijan/igrushki/konstruktorlar/maqnit-konstruktorlar;;;;;;;;;;;;;
Детский мир;Игрушки;Конструкторы;Магнитные конструкторы;-;new;11204;https://lalafo.az/azerbaijan/igrushki/konstruktorlar/maqnit-konstruktorlar;;add;dropdown;29;Состояние;ЛОЖЬ;ИСТИНА;ИСТИНА;;;;;
Детский мир;Игрушки;Конструкторы;Магнитные конструкторы;-;new;11204;https://lalafo.az/azerbaijan/igrushki/konstruktorlar/maqnit-konstruktorlar;;add;dropdown;425;Доставка;ИСТИНА;ИСТИНА;ИСТИНА;;;;;
Детский мир;Игрушки;Конструкторы;Деревянные конструкторы;-;new;11193;https://lalafo.az/azerbaijan/igrushki/konstruktorlar/taxta-konstruktorlar;;;;;;;;;;;;;
Детский мир;Игрушки;Конструкторы;Деревянные конструкторы;-;new;11193;https://lalafo.az/azerbaijan/igrushki/konstruktorlar/taxta-konstruktorlar;;add;dropdown;29;Состояние;ЛОЖЬ;ИСТИНА;ИСТИНА;;;;;
Детский мир;Игрушки;Конструкторы;Деревянные конструкторы;-;new;11193;https://lalafo.az/azerbaijan/igrushki/konstruktorlar/taxta-konstruktorlar;;add;dropdown;425;Доставка;ИСТИНА;ИСТИНА;ИСТИНА;;;;;
Детский мир;Игрушки;Конструкторы;Металлические конструкторы;-;new;11194;https://lalafo.az/azerbaijan/igrushki/konstruktorlar/metal-konstruktorlar;;;;;;;;;;;;;
Детский мир;Игрушки;Конструкторы;Металлические конструкторы;-;new;11194;https://lalafo.az/azerbaijan/igrushki/konstruktorlar/metal-konstruktorlar;;add;dropdown;29;Состояние;ЛОЖЬ;ИСТИНА;ИСТИНА;;;;;
Детский мир;Игрушки;Конструкторы;Металлические конструкторы;-;new;11194;https://lalafo.az/azerbaijan/igrushki/konstruktorlar/metal-konstruktorlar;;add;dropdown;425;Доставка;ИСТИНА;ИСТИНА;ИСТИНА;;;;;
Детский мир;Игрушки;Конструкторы;Другие конструкторы;-;new;11191;https://lalafo.az/azerbaijan/igrushki/konstruktorlar/diger-konstruktorlar;;;;;;;;;;;;;
Детский мир;Игрушки;Конструкторы;Другие конструкторы;-;new;11191;https://lalafo.az/azerbaijan/igrushki/konstruktorlar/diger-konstruktorlar;;add;dropdown;29;Состояние;ЛОЖЬ;ИСТИНА;ИСТИНА;;;;;
Детский мир;Игрушки;Конструкторы;Другие конструкторы;-;new;11191;https://lalafo.az/azerbaijan/igrushki/konstruktorlar/diger-konstruktorlar;;add;dropdown;425;Доставка;ИСТИНА;ИСТИНА;ИСТИНА;;;;;
Детский мир;Игрушки;Игровые наборы;-;-;new;11113;https://lalafo.az/azerbaijan/igrushki/oyun-destleri;;;;;;;;;;;;;
Детский мир;Игрушки;Игровые наборы;-;-;new;11113;https://lalafo.az/azerbaijan/igrushki/oyun-destleri;;add;dropdown;29;Состояние;;;;;;;;
Детский мир;Игрушки;Игровые наборы;-;-;new;11113;https://lalafo.az/azerbaijan/igrushki/oyun-destleri;;add;dropdown;425;Доставка;;;;;;;;
Детский мир;Игрушки;Игровые наборы;Детские игрушечные кухни;-;new;11165;https://lalafo.az/azerbaijan/igrushki/oyuncaq-metbex/oyuncaq-ushaq-metbexleri;;;;;;;;;;;;;
Детский мир;Игрушки;Игровые наборы;Детские игрушечные кухни;-;new;11165;https://lalafo.az/azerbaijan/igrushki/oyuncaq-metbex/oyuncaq-ushaq-metbexleri;;add;dropdown;29;Состояние;ЛОЖЬ;ИСТИНА;ИСТИНА;;;;;
Детский мир;Игрушки;Игровые наборы;Детские игрушечные кухни;-;new;11165;https://lalafo.az/azerbaijan/igrushki/oyuncaq-metbex/oyuncaq-ushaq-metbexleri;;add;dropdown;425;Доставка;ИСТИНА;ИСТИНА;ИСТИНА;;;;;
Детский мир;Игрушки;Игровые наборы;Детские игрушечные домики;-;new;11164;https://lalafo.az/azerbaijan/igrushki/oyuncaq-metbex/oyuncaq-ushaq-evleri;;;;;;;;;;;;;
Детский мир;Игрушки;Игровые наборы;Детские игрушечные домики;-;new;11164;https://lalafo.az/azerbaijan/igrushki/oyuncaq-metbex/oyuncaq-ushaq-evleri;;add;dropdown;29;Состояние;ЛОЖЬ;ИСТИНА;ИСТИНА;;;;;
Детский мир;Игрушки;Игровые наборы;Детские игрушечные домики;-;new;11164;https://lalafo.az/azerbaijan/igrushki/oyuncaq-metbex/oyuncaq-ushaq-evleri;;add;dropdown;425;Доставка;ИСТИНА;ИСТИНА;ИСТИНА;;;;;
Детский мир;Игрушки;Игровые наборы;Детские наборы кассира;-;new;11500;https://lalafo.az/azerbaijan/igrushki/oyuncaq-metbex/ushaqlar-uchun-kassir-destleri;;;;;;;;;;;;;
Детский мир;Игрушки;Игровые наборы;Детские наборы кассира;-;new;11500;https://lalafo.az/azerbaijan/igrushki/oyuncaq-metbex/ushaqlar-uchun-kassir-destleri;;add;dropdown;29;Состояние;ЛОЖЬ;ИСТИНА;ИСТИНА;;;;;
Детский мир;Игрушки;Игровые наборы;Детские наборы кассира;-;new;11500;https://lalafo.az/azerbaijan/igrushki/oyuncaq-metbex/ushaqlar-uchun-kassir-destleri;;add;dropdown;29;Состояние;;;;;add;2757;https://lalafo.az/azerbaijan/igrushki/oyuncaq-metbex/ushaqlar-uchun-kassir-destleri/new;Новый
Детский мир;Игрушки;Игровые наборы;Детские наборы кассира;-;new;11500;https://lalafo.az/azerbaijan/igrushki/oyuncaq-metbex/ushaqlar-uchun-kassir-destleri;;add;dropdown;29;Состояние;;;;;add;2756;https://lalafo.az/azerbaijan/igrushki/oyuncaq-metbex/ushaqlar-uchun-kassir-destleri/used;Б/у
Детский мир;Игрушки;Игровые наборы;Детские наборы кассира;-;new;11500;https://lalafo.az/azerbaijan/igrushki/oyuncaq-metbex/ushaqlar-uchun-kassir-destleri;;add;dropdown;425;Доставка;ИСТИНА;ИСТИНА;ИСТИНА;;;;;
Детский мир;Игрушки;Игровые наборы;Детские наборы кассира;-;new;11500;https://lalafo.az/azerbaijan/igrushki/oyuncaq-metbex/ushaqlar-uchun-kassir-destleri;;add;dropdown;425;Доставка;;;;;add;27236;https://lalafo.az/azerbaijan/igrushki/oyuncaq-metbex/ushaqlar-uchun-kassir-destleri/p-27236-customer-pickup;Самовывоз
Детский мир;Игрушки;Игровые наборы;Детские наборы кассира;-;new;11500;https://lalafo.az/azerbaijan/igrushki/oyuncaq-metbex/ushaqlar-uchun-kassir-destleri;;add;dropdown;425;Доставка;;;;;add;30644;https://lalafo.az/azerbaijan/igrushki/oyuncaq-metbex/ushaqlar-uchun-kassir-destleri/delivery-to-areas;Доставка в районы
Детский мир;Игрушки;Игровые наборы;Детские наборы кассира;-;new;11500;https://lalafo.az/azerbaijan/igrushki/oyuncaq-metbex/ushaqlar-uchun-kassir-destleri;;add;dropdown;425;Доставка;;;;;add;27240;https://lalafo.az/azerbaijan/igrushki/oyuncaq-metbex/ushaqlar-uchun-kassir-destleri/free-delivery;Бесплатная доставка
Детский мир;Игрушки;Игровые наборы;Детские наборы кассира;-;new;11500;https://lalafo.az/azerbaijan/igrushki/oyuncaq-metbex/ushaqlar-uchun-kassir-destleri;;add;dropdown;425;Доставка;;;;;add;27241;https://lalafo.az/azerbaijan/igrushki/oyuncaq-metbex/ushaqlar-uchun-kassir-destleri/paid-delivery;Платная доставка
Детский мир;Игрушки;Игровые наборы;Детские макияжные столы;-;new;11200;https://lalafo.az/azerbaijan/igrushki/oyuncaq-metbex/ushaq-makiyaj-masalari;;;;;;;;;;;;;
Детский мир;Игрушки;Игровые наборы;Детские макияжные столы;-;new;11200;https://lalafo.az/azerbaijan/igrushki/oyuncaq-metbex/ushaq-makiyaj-masalari;;add;dropdown;29;Состояние;ЛОЖЬ;ИСТИНА;ИСТИНА;;;;;
Детский мир;Игрушки;Игровые наборы;Детские макияжные столы;-;new;11200;https://lalafo.az/azerbaijan/igrushki/oyuncaq-metbex/ushaq-makiyaj-masalari;;add;dropdown;425;Доставка;ИСТИНА;ИСТИНА;ИСТИНА;;;;;
Детский мир;Игрушки;Игровые наборы;Детские игровые наборы полицейского;-;new;11381;https://lalafo.az/azerbaijan/igrushki/oyuncaq-metbex/ushaqlar-uchun-polis-oyun-destleri;;;;;;;;;;;;;
Детский мир;Игрушки;Игровые наборы;Детские игровые наборы полицейского;-;new;11381;https://lalafo.az/azerbaijan/igrushki/oyuncaq-metbex/ushaqlar-uchun-polis-oyun-destleri;;add;dropdown;29;Состояние;ЛОЖЬ;ИСТИНА;ИСТИНА;;;;;
Детский мир;Игрушки;Игровые наборы;Детские игровые наборы полицейского;-;new;11381;https://lalafo.az/azerbaijan/igrushki/oyuncaq-metbex/ushaqlar-uchun-polis-oyun-destleri;;add;dropdown;29;Состояние;;;;;add;2757;https://lalafo.az/azerbaijan/igrushki/oyuncaq-metbex/ushaqlar-uchun-polis-oyun-destleri/new;Новый
Детский мир;Игрушки;Игровые наборы;Детские игровые наборы полицейского;-;new;11381;https://lalafo.az/azerbaijan/igrushki/oyuncaq-metbex/ushaqlar-uchun-polis-oyun-destleri;;add;dropdown;29;Состояние;;;;;add;2756;https://lalafo.az/azerbaijan/igrushki/oyuncaq-metbex/ushaqlar-uchun-polis-oyun-destleri/used;Б/у
Детский мир;Игрушки;Игровые наборы;Детские игровые наборы полицейского;-;new;11381;https://lalafo.az/azerbaijan/igrushki/oyuncaq-metbex/ushaqlar-uchun-polis-oyun-destleri;;add;dropdown;425;Доставка;ИСТИНА;ИСТИНА;ИСТИНА;;;;;
Детский мир;Игрушки;Игровые наборы;Детские игровые наборы полицейского;-;new;11381;https://lalafo.az/azerbaijan/igrushki/oyuncaq-metbex/ushaqlar-uchun-polis-oyun-destleri;;add;dropdown;425;Доставка;;;;;add;27236;https://lalafo.az/azerbaijan/igrushki/oyuncaq-metbex/ushaqlar-uchun-polis-oyun-destleri/p-27236-customer-pickup;Самовывоз
Детский мир;Игрушки;Игровые наборы;Детские игровые наборы полицейского;-;new;11381;https://lalafo.az/azerbaijan/igrushki/oyuncaq-metbex/ushaqlar-uchun-polis-oyun-destleri;;add;dropdown;425;Доставка;;;;;add;30644;https://lalafo.az/azerbaijan/igrushki/oyuncaq-metbex/ushaqlar-uchun-polis-oyun-destleri/delivery-to-areas;Доставка в районы
Детский мир;Игрушки;Игровые наборы;Детские игровые наборы полицейского;-;new;11381;https://lalafo.az/azerbaijan/igrushki/oyuncaq-metbex/ushaqlar-uchun-polis-oyun-destleri;;add;dropdown;425;Доставка;;;;;add;27240;https://lalafo.az/azerbaijan/igrushki/oyuncaq-metbex/ushaqlar-uchun-polis-oyun-destleri/free-delivery;Бесплатная доставка
Детский мир;Игрушки;Игровые наборы;Детские игровые наборы полицейского;-;new;11381;https://lalafo.az/azerbaijan/igrushki/oyuncaq-metbex/ushaqlar-uchun-polis-oyun-destleri;;add;dropdown;425;Доставка;;;;;add;27241;https://lalafo.az/azerbaijan/igrushki/oyuncaq-metbex/ushaqlar-uchun-polis-oyun-destleri/paid-delivery;Платная доставка
Детский мир;Игрушки;Игровые наборы;Детские наборы повара;-;new;11380;https://lalafo.az/azerbaijan/igrushki/oyuncaq-metbex/ushaq-ashpaz-destleri;;;;;;;;;;;;;
Детский мир;Игрушки;Игровые наборы;Детские наборы повара;-;new;11380;https://lalafo.az/azerbaijan/igrushki/oyuncaq-metbex/ushaq-ashpaz-destleri;;add;dropdown;29;Состояние;ЛОЖЬ;ИСТИНА;ИСТИНА;;;;;
Детский мир;Игрушки;Игровые наборы;Детские наборы повара;-;new;11380;https://lalafo.az/azerbaijan/igrushki/oyuncaq-metbex/ushaq-ashpaz-destleri;;add;dropdown;29;Состояние;;;;;add;2757;https://lalafo.az/azerbaijan/igrushki/oyuncaq-metbex/ushaq-ashpaz-destleri/new;Новый
Детский мир;Игрушки;Игровые наборы;Детские наборы повара;-;new;11380;https://lalafo.az/azerbaijan/igrushki/oyuncaq-metbex/ushaq-ashpaz-destleri;;add;dropdown;29;Состояние;;;;;add;2756;https://lalafo.az/azerbaijan/igrushki/oyuncaq-metbex/ushaq-ashpaz-destleri/used;Б/у
Детский мир;Игрушки;Игровые наборы;Детские наборы повара;-;new;11380;https://lalafo.az/azerbaijan/igrushki/oyuncaq-metbex/ushaq-ashpaz-destleri;;add;dropdown;425;Доставка;ИСТИНА;ИСТИНА;ИСТИНА;;;;;
Детский мир;Игрушки;Игровые наборы;Детские наборы повара;-;new;11380;https://lalafo.az/azerbaijan/igrushki/oyuncaq-metbex/ushaq-ashpaz-destleri;;add;dropdown;425;Доставка;;;;;add;27236;https://lalafo.az/azerbaijan/igrushki/oyuncaq-metbex/ushaq-ashpaz-destleri/p-27236-customer-pickup;Самовывоз
Детский мир;Игрушки;Игровые наборы;Детские наборы повара;-;new;11380;https://lalafo.az/azerbaijan/igrushki/oyuncaq-metbex/ushaq-ashpaz-destleri;;add;dropdown;425;Доставка;;;;;add;30644;https://lalafo.az/azerbaijan/igrushki/oyuncaq-metbex/ushaq-ashpaz-destleri/delivery-to-areas;Доставка в районы
Детский мир;Игрушки;Игровые наборы;Детские наборы повара;-;new;11380;https://lalafo.az/azerbaijan/igrushki/oyuncaq-metbex/ushaq-ashpaz-destleri;;add;dropdown;425;Доставка;;;;;add;27240;https://lalafo.az/azerbaijan/igrushki/oyuncaq-metbex/ushaq-ashpaz-destleri/free-delivery;Бесплатная доставка
Детский мир;Игрушки;Игровые наборы;Детские наборы повара;-;new;11380;https://lalafo.az/azerbaijan/igrushki/oyuncaq-metbex/ushaq-ashpaz-destleri;;add;dropdown;425;Доставка;;;;;add;27241;https://lalafo.az/azerbaijan/igrushki/oyuncaq-metbex/ushaq-ashpaz-destleri/paid-delivery;Платная доставка
Детский мир;Игрушки;Игровые наборы;Детские наборы для макияжа;-;new;11377;https://lalafo.az/azerbaijan/igrushki/oyuncaq-metbex/ushaqlar-uchun-makiyaj-destleri;;;;;;;;;;;;;
Детский мир;Игрушки;Игровые наборы;Детские наборы для макияжа;-;new;11377;https://lalafo.az/azerbaijan/igrushki/oyuncaq-metbex/ushaqlar-uchun-makiyaj-destleri;;add;dropdown;29;Состояние;ЛОЖЬ;ИСТИНА;ИСТИНА;;;;;
Детский мир;Игрушки;Игровые наборы;Детские наборы для макияжа;-;new;11377;https://lalafo.az/azerbaijan/igrushki/oyuncaq-metbex/ushaqlar-uchun-makiyaj-destleri;;add;dropdown;29;Состояние;;;;;add;2757;https://lalafo.az/azerbaijan/igrushki/oyuncaq-metbex/ushaqlar-uchun-makiyaj-destleri/new;Новый
Детский мир;Игрушки;Игровые наборы;Детские наборы для макияжа;-;new;11377;https://lalafo.az/azerbaijan/igrushki/oyuncaq-metbex/ushaqlar-uchun-makiyaj-destleri;;add;dropdown;29;Состояние;;;;;add;2756;https://lalafo.az/azerbaijan/igrushki/oyuncaq-metbex/ushaqlar-uchun-makiyaj-destleri/used;Б/у
Детский мир;Игрушки;Игровые наборы;Детские наборы для макияжа;-;new;11377;https://lalafo.az/azerbaijan/igrushki/oyuncaq-metbex/ushaqlar-uchun-makiyaj-destleri;;add;dropdown;425;Доставка;ИСТИНА;ИСТИНА;ИСТИНА;;;;;
Детский мир;Игрушки;Игровые наборы;Детские наборы для макияжа;-;new;11377;https://lalafo.az/azerbaijan/igrushki/oyuncaq-metbex/ushaqlar-uchun-makiyaj-destleri;;add;dropdown;425;Доставка;;;;;add;27236;https://lalafo.az/azerbaijan/igrushki/oyuncaq-metbex/ushaqlar-uchun-makiyaj-destleri/p-27236-customer-pickup;Самовывоз
Детский мир;Игрушки;Игровые наборы;Детские наборы для макияжа;-;new;11377;https://lalafo.az/azerbaijan/igrushki/oyuncaq-metbex/ushaqlar-uchun-makiyaj-destleri;;add;dropdown;425;Доставка;;;;;add;30644;https://lalafo.az/azerbaijan/igrushki/oyuncaq-metbex/ushaqlar-uchun-makiyaj-destleri/delivery-to-areas;Доставка в районы
Детский мир;Игрушки;Игровые наборы;Детские наборы для макияжа;-;new;11377;https://lalafo.az/azerbaijan/igrushki/oyuncaq-metbex/ushaqlar-uchun-makiyaj-destleri;;add;dropdown;425;Доставка;;;;;add;27240;https://lalafo.az/azerbaijan/igrushki/oyuncaq-metbex/ushaqlar-uchun-makiyaj-destleri/free-delivery;Бесплатная доставка
Детский мир;Игрушки;Игровые наборы;Детские наборы для макияжа;-;new;11377;https://lalafo.az/azerbaijan/igrushki/oyuncaq-metbex/ushaqlar-uchun-makiyaj-destleri;;add;dropdown;425;Доставка;;;;;add;27241;https://lalafo.az/azerbaijan/igrushki/oyuncaq-metbex/ushaqlar-uchun-makiyaj-destleri/paid-delivery;Платная доставка
Детский мир;Игрушки;Игровые наборы;Другие игрушечные наборы;-;new;11199;https://lalafo.az/azerbaijan/igrushki/oyuncaq-metbex/diger-oyun-destleri;;;;;;;;;;;;;
Детский мир;Игрушки;Игровые наборы;Другие игрушечные наборы;-;new;11199;https://lalafo.az/azerbaijan/igrushki/oyuncaq-metbex/diger-oyun-destleri;;add;dropdown;29;Состояние;ЛОЖЬ;ИСТИНА;ИСТИНА;;;;;
Детский мир;Игрушки;Игровые наборы;Другие игрушечные наборы;-;new;11199;https://lalafo.az/azerbaijan/igrushki/oyuncaq-metbex/diger-oyun-destleri;;add;dropdown;425;Доставка;ИСТИНА;ИСТИНА;ЛОЖЬ;;;;;
Детский мир;Игрушки;Игрушечное оружие;-;-;new;11107;https://lalafo.az/azerbaijan/igrushki/oyuncaq-silahlar;;;;;;;;;;;;;
Детский мир;Игрушки;Игрушечное оружие;-;-;new;11107;https://lalafo.az/azerbaijan/igrushki/oyuncaq-silahlar;;add;dropdown;29;Состояние;;;;;;;;
Детский мир;Игрушки;Игрушечное оружие;-;-;new;11107;https://lalafo.az/azerbaijan/igrushki/oyuncaq-silahlar;;add;dropdown;425;Доставка;;;;;;;;
Детский мир;Игрушки;Игрушечное оружие;-;-;new;11107;https://lalafo.az/azerbaijan/igrushki/oyuncaq-silahlar;;new;dropdown;5324;Материал;;;;;;;;
Детский мир;Игрушки;Игрушечное оружие;-;-;new;11107;https://lalafo.az/azerbaijan/igrushki/oyuncaq-silahlar;;new;dropdown;5324;Материал;;;;;new;75695;https://lalafo.az/azerbaijan/igrushki/oyuncaq-silahlar/demir_75695_13;Железо
Детский мир;Игрушки;Игрушечное оружие;-;-;new;11107;https://lalafo.az/azerbaijan/igrushki/oyuncaq-silahlar;;new;dropdown;5324;Материал;;;;;new;75697;https://lalafo.az/azerbaijan/igrushki/oyuncaq-silahlar/diger-material_75697_13;Другой материал
Детский мир;Игрушки;Игрушечное оружие;-;-;new;11107;https://lalafo.az/azerbaijan/igrushki/oyuncaq-silahlar;;new;dropdown;5324;Материал;;;;;new;75696;https://lalafo.az/azerbaijan/igrushki/oyuncaq-silahlar/plastik_75696_13;Пластик
Детский мир;Игрушки;Игрушечное оружие;Игрушечные пистолеты;-;new;11432;https://lalafo.az/azerbaijan/igrushki/oyuncaq-silah/oyuncaq-tapancalar;;;;;;;;;;;;;
Детский мир;Игрушки;Игрушечное оружие;Игрушечные пистолеты;-;new;11432;https://lalafo.az/azerbaijan/igrushki/oyuncaq-silah/oyuncaq-tapancalar;;add;dropdown;29;Состояние;ЛОЖЬ;ИСТИНА;ИСТИНА;;;;;
Детский мир;Игрушки;Игрушечное оружие;Игрушечные пистолеты;-;new;11432;https://lalafo.az/azerbaijan/igrushki/oyuncaq-silah/oyuncaq-tapancalar;;add;dropdown;29;Состояние;;;;;add;2757;https://lalafo.az/azerbaijan/igrushki/oyuncaq-silah/oyuncaq-tapancalar/new;Новый
Детский мир;Игрушки;Игрушечное оружие;Игрушечные пистолеты;-;new;11432;https://lalafo.az/azerbaijan/igrushki/oyuncaq-silah/oyuncaq-tapancalar;;add;dropdown;29;Состояние;;;;;add;2756;https://lalafo.az/azerbaijan/igrushki/oyuncaq-silah/oyuncaq-tapancalar/used;Б/у
Детский мир;Игрушки;Игрушечное оружие;Игрушечные пистолеты;-;new;11432;https://lalafo.az/azerbaijan/igrushki/oyuncaq-silah/oyuncaq-tapancalar;;add;dropdown;425;Доставка;ИСТИНА;ИСТИНА;ИСТИНА;;;;;
Детский мир;Игрушки;Игрушечное оружие;Игрушечные пистолеты;-;new;11432;https://lalafo.az/azerbaijan/igrushki/oyuncaq-silah/oyuncaq-tapancalar;;add;dropdown;425;Доставка;;;;;add;27236;https://lalafo.az/azerbaijan/igrushki/oyuncaq-silah/oyuncaq-tapancalar/p-27236-customer-pickup;Самовывоз
Детский мир;Игрушки;Игрушечное оружие;Игрушечные пистолеты;-;new;11432;https://lalafo.az/azerbaijan/igrushki/oyuncaq-silah/oyuncaq-tapancalar;;add;dropdown;425;Доставка;;;;;add;30644;https://lalafo.az/azerbaijan/igrushki/oyuncaq-silah/oyuncaq-tapancalar/delivery-to-areas;Доставка в районы
Детский мир;Игрушки;Игрушечное оружие;Игрушечные пистолеты;-;new;11432;https://lalafo.az/azerbaijan/igrushki/oyuncaq-silah/oyuncaq-tapancalar;;add;dropdown;425;Доставка;;;;;add;27240;https://lalafo.az/azerbaijan/igrushki/oyuncaq-silah/oyuncaq-tapancalar/free-delivery;Бесплатная доставка
Детский мир;Игрушки;Игрушечное оружие;Игрушечные пистолеты;-;new;11432;https://lalafo.az/azerbaijan/igrushki/oyuncaq-silah/oyuncaq-tapancalar;;add;dropdown;425;Доставка;;;;;add;27241;https://lalafo.az/azerbaijan/igrushki/oyuncaq-silah/oyuncaq-tapancalar/paid-delivery;Платная доставка
Детский мир;Игрушки;Игрушечное оружие;Игрушечные пистолеты;-;new;11432;https://lalafo.az/azerbaijan/igrushki/oyuncaq-silah/oyuncaq-tapancalar;;add;dropdown;5324;Материал;ИСТИНА;ИСТИНА;ЛОЖЬ;;;;;
Детский мир;Игрушки;Игрушечное оружие;Игрушечные пистолеты;-;new;11432;https://lalafo.az/azerbaijan/igrushki/oyuncaq-silah/oyuncaq-tapancalar;;add;dropdown;5324;Материал;;;;;add;75695;https://lalafo.az/azerbaijan/igrushki/oyuncaq-silah/oyuncaq-tapancalar/demir_75695_13;Железо
Детский мир;Игрушки;Игрушечное оружие;Игрушечные пистолеты;-;new;11432;https://lalafo.az/azerbaijan/igrushki/oyuncaq-silah/oyuncaq-tapancalar;;add;dropdown;5324;Материал;;;;;add;75697;https://lalafo.az/azerbaijan/igrushki/oyuncaq-silah/oyuncaq-tapancalar/diger-material_75697_13;Другой материал
Детский мир;Игрушки;Игрушечное оружие;Игрушечные пистолеты;-;new;11432;https://lalafo.az/azerbaijan/igrushki/oyuncaq-silah/oyuncaq-tapancalar;;add;dropdown;5324;Материал;;;;;add;75696;https://lalafo.az/azerbaijan/igrushki/oyuncaq-silah/oyuncaq-tapancalar/plastik_75696_13;Пластик
Детский мир;Игрушки;Игрушечное оружие;Игрушечные пистолеты;-;new;11432;https://lalafo.az/azerbaijan/igrushki/oyuncaq-silah/oyuncaq-tapancalar;;add;dropdown;5399;Тип оружия;ИСТИНА;ИСТИНА;ЛОЖЬ;;;;;
Детский мир;Игрушки;Игрушечное оружие;Игрушечные пистолеты;-;new;11432;https://lalafo.az/azerbaijan/igrushki/oyuncaq-silah/oyuncaq-tapancalar;;add;dropdown;5399;Тип оружия;;;;;add;76889;https://lalafo.az/azerbaijan/igrushki/oyuncaq-silah/oyuncaq-tapancalar/airsoft;Страйкбольный
Детский мир;Игрушки;Игрушечное оружие;Игрушечные пистолеты;-;new;11432;https://lalafo.az/azerbaijan/igrushki/oyuncaq-silah/oyuncaq-tapancalar;;add;dropdown;5399;Тип оружия;;;;;add;76887;https://lalafo.az/azerbaijan/igrushki/oyuncaq-silah/oyuncaq-tapancalar/kopuk;Пузырьковый
Детский мир;Игрушки;Игрушечное оружие;Игрушечные пистолеты;-;new;11432;https://lalafo.az/azerbaijan/igrushki/oyuncaq-silah/oyuncaq-tapancalar;;add;dropdown;5399;Тип оружия;;;;;add;76888;https://lalafo.az/azerbaijan/igrushki/oyuncaq-silah/oyuncaq-tapancalar/gel-blaster;Гидробольный
Детский мир;Игрушки;Игрушечное оружие;Игрушечные пистолеты;-;new;11432;https://lalafo.az/azerbaijan/igrushki/oyuncaq-silah/oyuncaq-tapancalar;;add;dropdown;5399;Тип оружия;;;;;add;76885;https://lalafo.az/azerbaijan/igrushki/oyuncaq-silah/oyuncaq-tapancalar/nerf-blaster;Бластер NERF
Детский мир;Игрушки;Игрушечное оружие;Игрушечные пистолеты;-;new;11432;https://lalafo.az/azerbaijan/igrushki/oyuncaq-silah/oyuncaq-tapancalar;;add;dropdown;5399;Тип оружия;;;;;add;76886;https://lalafo.az/azerbaijan/igrushki/oyuncaq-silah/oyuncaq-tapancalar/su;Водяной
Детский мир;Игрушки;Игрушечное оружие;Игрушечные автоматы;-;new;11433;https://lalafo.az/azerbaijan/igrushki/oyuncaq-silah/oyuncaq-avtomatlar;;;;;;;;;;;;;
Детский мир;Игрушки;Игрушечное оружие;Игрушечные автоматы;-;new;11433;https://lalafo.az/azerbaijan/igrushki/oyuncaq-silah/oyuncaq-avtomatlar;;add;dropdown;29;Состояние;ИСТИНА;ИСТИНА;ИСТИНА;;;;;
Детский мир;Игрушки;Игрушечное оружие;Игрушечные автоматы;-;new;11433;https://lalafo.az/azerbaijan/igrushki/oyuncaq-silah/oyuncaq-avtomatlar;;add;dropdown;29;Состояние;;;;;add;2757;https://lalafo.az/azerbaijan/igrushki/oyuncaq-silah/oyuncaq-avtomatlar/new;Новый
Детский мир;Игрушки;Игрушечное оружие;Игрушечные автоматы;-;new;11433;https://lalafo.az/azerbaijan/igrushki/oyuncaq-silah/oyuncaq-avtomatlar;;add;dropdown;29;Состояние;;;;;add;2756;https://lalafo.az/azerbaijan/igrushki/oyuncaq-silah/oyuncaq-avtomatlar/used;Б/у
Детский мир;Игрушки;Игрушечное оружие;Игрушечные автоматы;-;new;11433;https://lalafo.az/azerbaijan/igrushki/oyuncaq-silah/oyuncaq-avtomatlar;;add;dropdown;425;Доставка;ЛОЖЬ;ИСТИНА;ИСТИНА;;;;;
Детский мир;Игрушки;Игрушечное оружие;Игрушечные автоматы;-;new;11433;https://lalafo.az/azerbaijan/igrushki/oyuncaq-silah/oyuncaq-avtomatlar;;add;dropdown;425;Доставка;;;;;add;27236;https://lalafo.az/azerbaijan/igrushki/oyuncaq-silah/oyuncaq-avtomatlar/p-27236-customer-pickup;Самовывоз
Детский мир;Игрушки;Игрушечное оружие;Игрушечные автоматы;-;new;11433;https://lalafo.az/azerbaijan/igrushki/oyuncaq-silah/oyuncaq-avtomatlar;;add;dropdown;425;Доставка;;;;;add;30644;https://lalafo.az/azerbaijan/igrushki/oyuncaq-silah/oyuncaq-avtomatlar/delivery-to-areas;Доставка в районы
Детский мир;Игрушки;Игрушечное оружие;Игрушечные автоматы;-;new;11433;https://lalafo.az/azerbaijan/igrushki/oyuncaq-silah/oyuncaq-avtomatlar;;add;dropdown;425;Доставка;;;;;add;27240;https://lalafo.az/azerbaijan/igrushki/oyuncaq-silah/oyuncaq-avtomatlar/free-delivery;Бесплатная доставка
Детский мир;Игрушки;Игрушечное оружие;Игрушечные автоматы;-;new;11433;https://lalafo.az/azerbaijan/igrushki/oyuncaq-silah/oyuncaq-avtomatlar;;add;dropdown;425;Доставка;;;;;add;27241;https://lalafo.az/azerbaijan/igrushki/oyuncaq-silah/oyuncaq-avtomatlar/paid-delivery;Платная доставка
Детский мир;Игрушки;Игрушечное оружие;Игрушечные автоматы;-;new;11433;https://lalafo.az/azerbaijan/igrushki/oyuncaq-silah/oyuncaq-avtomatlar;;add;dropdown;5324;Материал;ИСТИНА;ИСТИНА;ЛОЖЬ;;;;;
Детский мир;Игрушки;Игрушечное оружие;Игрушечные автоматы;-;new;11433;https://lalafo.az/azerbaijan/igrushki/oyuncaq-silah/oyuncaq-avtomatlar;;add;dropdown;5324;Материал;;;;;add;75695;https://lalafo.az/azerbaijan/igrushki/oyuncaq-silah/oyuncaq-avtomatlar/demir_75695_13;Железо
Детский мир;Игрушки;Игрушечное оружие;Игрушечные автоматы;-;new;11433;https://lalafo.az/azerbaijan/igrushki/oyuncaq-silah/oyuncaq-avtomatlar;;add;dropdown;5324;Материал;;;;;add;75697;https://lalafo.az/azerbaijan/igrushki/oyuncaq-silah/oyuncaq-avtomatlar/diger-material_75697_13;Другой материал
Детский мир;Игрушки;Игрушечное оружие;Игрушечные автоматы;-;new;11433;https://lalafo.az/azerbaijan/igrushki/oyuncaq-silah/oyuncaq-avtomatlar;;add;dropdown;5324;Материал;;;;;add;75696;https://lalafo.az/azerbaijan/igrushki/oyuncaq-silah/oyuncaq-avtomatlar/plastik_75696_13;Пластик
Детский мир;Игрушки;Игрушечное оружие;Игрушечные автоматы;-;new;11433;https://lalafo.az/azerbaijan/igrushki/oyuncaq-silah/oyuncaq-avtomatlar;;new;dropdown;5399;Тип оружия;ИСТИНА;ИСТИНА;ЛОЖЬ;;;;;
Детский мир;Игрушки;Игрушечное оружие;Игрушечные автоматы;-;new;11433;https://lalafo.az/azerbaijan/igrushki/oyuncaq-silah/oyuncaq-avtomatlar;;new;dropdown;5399;Тип оружия;;;;;new;76889;https://lalafo.az/azerbaijan/igrushki/oyuncaq-silah/oyuncaq-avtomatlar/airsoft;Страйкбольный
Детский мир;Игрушки;Игрушечное оружие;Игрушечные автоматы;-;new;11433;https://lalafo.az/azerbaijan/igrushki/oyuncaq-silah/oyuncaq-avtomatlar;;new;dropdown;5399;Тип оружия;;;;;new;76887;https://lalafo.az/azerbaijan/igrushki/oyuncaq-silah/oyuncaq-avtomatlar/kopuk;Пузырьковый
Детский мир;Игрушки;Игрушечное оружие;Игрушечные автоматы;-;new;11433;https://lalafo.az/azerbaijan/igrushki/oyuncaq-silah/oyuncaq-avtomatlar;;new;dropdown;5399;Тип оружия;;;;;new;76888;https://lalafo.az/azerbaijan/igrushki/oyuncaq-silah/oyuncaq-avtomatlar/gel-blaster;Гидробольный
Детский мир;Игрушки;Игрушечное оружие;Игрушечные автоматы;-;new;11433;https://lalafo.az/azerbaijan/igrushki/oyuncaq-silah/oyuncaq-avtomatlar;;new;dropdown;5399;Тип оружия;;;;;new;76885;https://lalafo.az/azerbaijan/igrushki/oyuncaq-silah/oyuncaq-avtomatlar/nerf-blaster;Бластер NERF
Детский мир;Игрушки;Игрушечное оружие;Игрушечные автоматы;-;new;11433;https://lalafo.az/azerbaijan/igrushki/oyuncaq-silah/oyuncaq-avtomatlar;;new;dropdown;5399;Тип оружия;;;;;new;76886;https://lalafo.az/azerbaijan/igrushki/oyuncaq-silah/oyuncaq-avtomatlar/su;Водяной
Детский мир;Игрушки;Игрушечное оружие;Другое игрушечное оружие;-;new;11502;https://lalafo.az/azerbaijan/igrushki/oyuncaq-silah/diger-oyuncaq-silahlar;;;;;;;;;;;;;
Детский мир;Игрушки;Игрушечное оружие;Другое игрушечное оружие;-;new;11502;https://lalafo.az/azerbaijan/igrushki/oyuncaq-silah/diger-oyuncaq-silahlar;;add;dropdown;29;Состояние;ЛОЖЬ;ИСТИНА;ИСТИНА;;;;;
Детский мир;Игрушки;Игрушечное оружие;Другое игрушечное оружие;-;new;11502;https://lalafo.az/azerbaijan/igrushki/oyuncaq-silah/diger-oyuncaq-silahlar;;add;dropdown;29;Состояние;;;;;add;2757;https://lalafo.az/azerbaijan/igrushki/oyuncaq-silah/diger-oyuncaq-silahlar/new;Новый
Детский мир;Игрушки;Игрушечное оружие;Другое игрушечное оружие;-;new;11502;https://lalafo.az/azerbaijan/igrushki/oyuncaq-silah/diger-oyuncaq-silahlar;;add;dropdown;29;Состояние;;;;;add;2756;https://lalafo.az/azerbaijan/igrushki/oyuncaq-silah/diger-oyuncaq-silahlar/used;Б/у
Детский мир;Игрушки;Игрушечное оружие;Другое игрушечное оружие;-;new;11502;https://lalafo.az/azerbaijan/igrushki/oyuncaq-silah/diger-oyuncaq-silahlar;;add;dropdown;425;Доставка;ИСТИНА;ИСТИНА;ИСТИНА;;;;;
Детский мир;Игрушки;Игрушечное оружие;Другое игрушечное оружие;-;new;11502;https://lalafo.az/azerbaijan/igrushki/oyuncaq-silah/diger-oyuncaq-silahlar;;add;dropdown;425;Доставка;;;;;add;27236;https://lalafo.az/azerbaijan/igrushki/oyuncaq-silah/diger-oyuncaq-silahlar/p-27236-customer-pickup;Самовывоз
Детский мир;Игрушки;Игрушечное оружие;Другое игрушечное оружие;-;new;11502;https://lalafo.az/azerbaijan/igrushki/oyuncaq-silah/diger-oyuncaq-silahlar;;add;dropdown;425;Доставка;;;;;add;30644;https://lalafo.az/azerbaijan/igrushki/oyuncaq-silah/diger-oyuncaq-silahlar/delivery-to-areas;Доставка в районы
Детский мир;Игрушки;Игрушечное оружие;Другое игрушечное оружие;-;new;11502;https://lalafo.az/azerbaijan/igrushki/oyuncaq-silah/diger-oyuncaq-silahlar;;add;dropdown;425;Доставка;;;;;add;27240;https://lalafo.az/azerbaijan/igrushki/oyuncaq-silah/diger-oyuncaq-silahlar/free-delivery;Бесплатная доставка
Детский мир;Игрушки;Игрушечное оружие;Другое игрушечное оружие;-;new;11502;https://lalafo.az/azerbaijan/igrushki/oyuncaq-silah/diger-oyuncaq-silahlar;;add;dropdown;425;Доставка;;;;;add;27241;https://lalafo.az/azerbaijan/igrushki/oyuncaq-silah/diger-oyuncaq-silahlar/paid-delivery;Платная доставка
Детский мир;Игрушки;Развивающие игрушки;-;-;new;11111;https://lalafo.az/azerbaijan/igrushki/inkishaf-etdirici-oyuncaqlar;;;;;;;;;;;;;
Детский мир;Игрушки;Развивающие игрушки;-;-;new;11111;https://lalafo.az/azerbaijan/igrushki/inkishaf-etdirici-oyuncaqlar;;add;dropdown;29;Состояние;;;;;;;;
Детский мир;Игрушки;Развивающие игрушки;-;-;new;11111;https://lalafo.az/azerbaijan/igrushki/inkishaf-etdirici-oyuncaqlar;;add;dropdown;425;Доставка;;;;;;;;
Детский мир;Игрушки;Развивающие игрушки;-;-;new;11111;https://lalafo.az/azerbaijan/igrushki/inkishaf-etdirici-oyuncaqlar;;add;dropdown;425;Доставка;;;;;add;27236;https://lalafo.az/azerbaijan/igrushki/inkishaf-etdirici-oyuncaqlar/p-27236-customer-pickup;Самовывоз
Детский мир;Игрушки;Развивающие игрушки;-;-;new;11111;https://lalafo.az/azerbaijan/igrushki/inkishaf-etdirici-oyuncaqlar;;add;dropdown;425;Доставка;;;;;add;30644;https://lalafo.az/azerbaijan/igrushki/inkishaf-etdirici-oyuncaqlar/delivery-to-areas;Доставка в районы
Детский мир;Игрушки;Развивающие игрушки;-;-;new;11111;https://lalafo.az/azerbaijan/igrushki/inkishaf-etdirici-oyuncaqlar;;add;dropdown;425;Доставка;;;;;add;27240;https://lalafo.az/azerbaijan/igrushki/inkishaf-etdirici-oyuncaqlar/free-delivery;Бесплатная доставка
Детский мир;Игрушки;Развивающие игрушки;-;-;new;11111;https://lalafo.az/azerbaijan/igrushki/inkishaf-etdirici-oyuncaqlar;;add;dropdown;425;Доставка;;;;;add;27241;https://lalafo.az/azerbaijan/igrushki/inkishaf-etdirici-oyuncaqlar/paid-delivery;Платная доставка
Детский мир;Игрушки;Развивающие игрушки;Кубик рубика;-;new;11420;https://lalafo.az/azerbaijan/igrushki/inkishaf-etdirici-oyuncaqlar/rubik-kubu;;;;;;;;;;;;;
Детский мир;Игрушки;Развивающие игрушки;Кубик рубика;-;new;11420;https://lalafo.az/azerbaijan/igrushki/inkishaf-etdirici-oyuncaqlar/rubik-kubu;;add;dropdown;29;Состояние;ЛОЖЬ;ИСТИНА;ИСТИНА;;;;;
Детский мир;Игрушки;Развивающие игрушки;Кубик рубика;-;new;11420;https://lalafo.az/azerbaijan/igrushki/inkishaf-etdirici-oyuncaqlar/rubik-kubu;;add;dropdown;425;Доставка;ИСТИНА;ИСТИНА;ИСТИНА;;;;;
Детский мир;Игрушки;Развивающие игрушки;Кубик рубика;-;new;11420;https://lalafo.az/azerbaijan/igrushki/inkishaf-etdirici-oyuncaqlar/rubik-kubu;;add;dropdown;425;Доставка;;;;;add;27236;https://lalafo.az/azerbaijan/igrushki/inkishaf-etdirici-oyuncaqlar/rubik-kubu/p-27236-customer-pickup;Самовывоз
Детский мир;Игрушки;Развивающие игрушки;Кубик рубика;-;new;11420;https://lalafo.az/azerbaijan/igrushki/inkishaf-etdirici-oyuncaqlar/rubik-kubu;;add;dropdown;425;Доставка;;;;;add;30644;https://lalafo.az/azerbaijan/igrushki/inkishaf-etdirici-oyuncaqlar/rubik-kubu/delivery-to-areas;Доставка в районы
Детский мир;Игрушки;Развивающие игрушки;Кубик рубика;-;new;11420;https://lalafo.az/azerbaijan/igrushki/inkishaf-etdirici-oyuncaqlar/rubik-kubu;;add;dropdown;425;Доставка;;;;;add;27240;https://lalafo.az/azerbaijan/igrushki/inkishaf-etdirici-oyuncaqlar/rubik-kubu/free-delivery;Бесплатная доставка
Детский мир;Игрушки;Развивающие игрушки;Кубик рубика;-;new;11420;https://lalafo.az/azerbaijan/igrushki/inkishaf-etdirici-oyuncaqlar/rubik-kubu;;add;dropdown;425;Доставка;;;;;add;27241;https://lalafo.az/azerbaijan/igrushki/inkishaf-etdirici-oyuncaqlar/rubik-kubu/paid-delivery;Платная доставка
Детский мир;Игрушки;Развивающие игрушки;Пазлы;-;new;11421;https://lalafo.az/azerbaijan/igrushki/inkishaf-etdirici-oyuncaqlar/pazllar;;;;;;;;;;;;;
Детский мир;Игрушки;Развивающие игрушки;Пазлы;-;new;11421;https://lalafo.az/azerbaijan/igrushki/inkishaf-etdirici-oyuncaqlar/pazllar;;add;dropdown;29;Состояние;ЛОЖЬ;ИСТИНА;ИСТИНА;;;;;
Детский мир;Игрушки;Развивающие игрушки;Пазлы;-;new;11421;https://lalafo.az/azerbaijan/igrushki/inkishaf-etdirici-oyuncaqlar/pazllar;;add;dropdown;425;Доставка;ИСТИНА;ИСТИНА;ИСТИНА;;;;;
Детский мир;Игрушки;Развивающие игрушки;Пазлы;-;new;11421;https://lalafo.az/azerbaijan/igrushki/inkishaf-etdirici-oyuncaqlar/pazllar;;add;dropdown;425;Доставка;;;;;add;27236;https://lalafo.az/azerbaijan/igrushki/inkishaf-etdirici-oyuncaqlar/pazllar/p-27236-customer-pickup;Самовывоз
Детский мир;Игрушки;Развивающие игрушки;Пазлы;-;new;11421;https://lalafo.az/azerbaijan/igrushki/inkishaf-etdirici-oyuncaqlar/pazllar;;add;dropdown;425;Доставка;;;;;add;30644;https://lalafo.az/azerbaijan/igrushki/inkishaf-etdirici-oyuncaqlar/pazllar/delivery-to-areas;Доставка в районы
Детский мир;Игрушки;Развивающие игрушки;Пазлы;-;new;11421;https://lalafo.az/azerbaijan/igrushki/inkishaf-etdirici-oyuncaqlar/pazllar;;add;dropdown;425;Доставка;;;;;add;27240;https://lalafo.az/azerbaijan/igrushki/inkishaf-etdirici-oyuncaqlar/pazllar/free-delivery;Бесплатная доставка
Детский мир;Игрушки;Развивающие игрушки;Пазлы;-;new;11421;https://lalafo.az/azerbaijan/igrushki/inkishaf-etdirici-oyuncaqlar/pazllar;;add;dropdown;425;Доставка;;;;;add;27241;https://lalafo.az/azerbaijan/igrushki/inkishaf-etdirici-oyuncaqlar/pazllar/paid-delivery;Платная доставка
Детский мир;Игрушки;Развивающие игрушки;Игрушки Montessori;-;new;11423;https://lalafo.az/azerbaijan/igrushki/inkishaf-etdirici-oyuncaqlar/montessori-oyuncaqlari;;;;;;;;;;;;;
Детский мир;Игрушки;Развивающие игрушки;Игрушки Montessori;-;new;11423;https://lalafo.az/azerbaijan/igrushki/inkishaf-etdirici-oyuncaqlar/montessori-oyuncaqlari;;add;dropdown;29;Состояние;ЛОЖЬ;ИСТИНА;ИСТИНА;;;;;
Детский мир;Игрушки;Развивающие игрушки;Игрушки Montessori;-;new;11423;https://lalafo.az/azerbaijan/igrushki/inkishaf-etdirici-oyuncaqlar/montessori-oyuncaqlari;;add;dropdown;425;Доставка;ИСТИНА;ИСТИНА;ИСТИНА;;;;;
Детский мир;Игрушки;Развивающие игрушки;Игрушки Montessori;-;new;11423;https://lalafo.az/azerbaijan/igrushki/inkishaf-etdirici-oyuncaqlar/montessori-oyuncaqlari;;add;dropdown;425;Доставка;;;;;add;27236;https://lalafo.az/azerbaijan/igrushki/inkishaf-etdirici-oyuncaqlar/montessori-oyuncaqlari/p-27236-customer-pickup;Самовывоз
Детский мир;Игрушки;Развивающие игрушки;Игрушки Montessori;-;new;11423;https://lalafo.az/azerbaijan/igrushki/inkishaf-etdirici-oyuncaqlar/montessori-oyuncaqlari;;add;dropdown;425;Доставка;;;;;add;30644;https://lalafo.az/azerbaijan/igrushki/inkishaf-etdirici-oyuncaqlar/montessori-oyuncaqlari/delivery-to-areas;Доставка в районы
Детский мир;Игрушки;Развивающие игрушки;Игрушки Montessori;-;new;11423;https://lalafo.az/azerbaijan/igrushki/inkishaf-etdirici-oyuncaqlar/montessori-oyuncaqlari;;add;dropdown;425;Доставка;;;;;add;27240;https://lalafo.az/azerbaijan/igrushki/inkishaf-etdirici-oyuncaqlar/montessori-oyuncaqlari/free-delivery;Бесплатная доставка
Детский мир;Игрушки;Развивающие игрушки;Игрушки Montessori;-;new;11423;https://lalafo.az/azerbaijan/igrushki/inkishaf-etdirici-oyuncaqlar/montessori-oyuncaqlari;;add;dropdown;425;Доставка;;;;;add;27241;https://lalafo.az/azerbaijan/igrushki/inkishaf-etdirici-oyuncaqlar/montessori-oyuncaqlari/paid-delivery;Платная доставка
Детский мир;Игрушки;Развивающие игрушки;Бизиборд;-;new;11422;https://lalafo.az/azerbaijan/igrushki/inkishaf-etdirici-oyuncaqlar/bizibord;;;;;;;;;;;;;
Детский мир;Игрушки;Развивающие игрушки;Бизиборд;-;new;11422;https://lalafo.az/azerbaijan/igrushki/inkishaf-etdirici-oyuncaqlar/bizibord;;add;dropdown;29;Состояние;ЛОЖЬ;ИСТИНА;ИСТИНА;;;;;
Детский мир;Игрушки;Развивающие игрушки;Бизиборд;-;new;11422;https://lalafo.az/azerbaijan/igrushki/inkishaf-etdirici-oyuncaqlar/bizibord;;add;dropdown;425;Доставка;ИСТИНА;ИСТИНА;ИСТИНА;;;;;
Детский мир;Игрушки;Развивающие игрушки;Бизиборд;-;new;11422;https://lalafo.az/azerbaijan/igrushki/inkishaf-etdirici-oyuncaqlar/bizibord;;add;dropdown;425;Доставка;;;;;add;27236;https://lalafo.az/azerbaijan/igrushki/inkishaf-etdirici-oyuncaqlar/bizibord/p-27236-customer-pickup;Самовывоз
Детский мир;Игрушки;Развивающие игрушки;Бизиборд;-;new;11422;https://lalafo.az/azerbaijan/igrushki/inkishaf-etdirici-oyuncaqlar/bizibord;;add;dropdown;425;Доставка;;;;;add;30644;https://lalafo.az/azerbaijan/igrushki/inkishaf-etdirici-oyuncaqlar/bizibord/delivery-to-areas;Доставка в районы
Детский мир;Игрушки;Развивающие игрушки;Бизиборд;-;new;11422;https://lalafo.az/azerbaijan/igrushki/inkishaf-etdirici-oyuncaqlar/bizibord;;add;dropdown;425;Доставка;;;;;add;27240;https://lalafo.az/azerbaijan/igrushki/inkishaf-etdirici-oyuncaqlar/bizibord/free-delivery;Бесплатная доставка
Детский мир;Игрушки;Развивающие игрушки;Бизиборд;-;new;11422;https://lalafo.az/azerbaijan/igrushki/inkishaf-etdirici-oyuncaqlar/bizibord;;add;dropdown;425;Доставка;;;;;add;27241;https://lalafo.az/azerbaijan/igrushki/inkishaf-etdirici-oyuncaqlar/bizibord/paid-delivery;Платная доставка
Детский мир;Игрушки;Развивающие игрушки;Другие развивающие игрушки;-;new;11424;https://lalafo.az/azerbaijan/igrushki/inkishaf-etdirici-oyuncaqlar/diger-inkishaf-etdirici-oyuncaqlar;;;;;;;;;;;;;
Детский мир;Игрушки;Развивающие игрушки;Другие развивающие игрушки;-;new;11424;https://lalafo.az/azerbaijan/igrushki/inkishaf-etdirici-oyuncaqlar/diger-inkishaf-etdirici-oyuncaqlar;;add;dropdown;29;Состояние;ЛОЖЬ;ИСТИНА;ИСТИНА;;;;;
Детский мир;Игрушки;Развивающие игрушки;Другие развивающие игрушки;-;new;11424;https://lalafo.az/azerbaijan/igrushki/inkishaf-etdirici-oyuncaqlar/diger-inkishaf-etdirici-oyuncaqlar;;add;dropdown;425;Доставка;ИСТИНА;ИСТИНА;ИСТИНА;;;;;
Детский мир;Игрушки;Развивающие игрушки;Другие развивающие игрушки;-;new;11424;https://lalafo.az/azerbaijan/igrushki/inkishaf-etdirici-oyuncaqlar/diger-inkishaf-etdirici-oyuncaqlar;;add;dropdown;425;Доставка;;;;;add;27236;https://lalafo.az/azerbaijan/igrushki/inkishaf-etdirici-oyuncaqlar/diger-inkishaf-etdirici-oyuncaqlar/p-27236-customer-pickup;Самовывоз
Детский мир;Игрушки;Развивающие игрушки;Другие развивающие игрушки;-;new;11424;https://lalafo.az/azerbaijan/igrushki/inkishaf-etdirici-oyuncaqlar/diger-inkishaf-etdirici-oyuncaqlar;;add;dropdown;425;Доставка;;;;;add;30644;https://lalafo.az/azerbaijan/igrushki/inkishaf-etdirici-oyuncaqlar/diger-inkishaf-etdirici-oyuncaqlar/delivery-to-areas;Доставка в районы
Детский мир;Игрушки;Развивающие игрушки;Другие развивающие игрушки;-;new;11424;https://lalafo.az/azerbaijan/igrushki/inkishaf-etdirici-oyuncaqlar/diger-inkishaf-etdirici-oyuncaqlar;;add;dropdown;425;Доставка;;;;;add;27240;https://lalafo.az/azerbaijan/igrushki/inkishaf-etdirici-oyuncaqlar/diger-inkishaf-etdirici-oyuncaqlar/free-delivery;Бесплатная доставка
Детский мир;Игрушки;Развивающие игрушки;Другие развивающие игрушки;-;new;11424;https://lalafo.az/azerbaijan/igrushki/inkishaf-etdirici-oyuncaqlar/diger-inkishaf-etdirici-oyuncaqlar;;add;dropdown;425;Доставка;;;;;add;27241;https://lalafo.az/azerbaijan/igrushki/inkishaf-etdirici-oyuncaqlar/diger-inkishaf-etdirici-oyuncaqlar/paid-delivery;Платная доставка
Детский мир;Игрушки;Детские игрушечные палатки;-;-;new;11503;https://lalafo.az/azerbaijan/igrushki/ushaq-oyuncaq-chadirlari;;;;;;;;;;;;;
Детский мир;Игрушки;Детские игрушечные палатки;-;-;new;11503;https://lalafo.az/azerbaijan/igrushki/ushaq-oyuncaq-chadirlari;;add;dropdown;29;Состояние;ЛОЖЬ;ИСТИНА;ИСТИНА;;;;;
Детский мир;Игрушки;Детские игрушечные палатки;-;-;new;11503;https://lalafo.az/azerbaijan/igrushki/ushaq-oyuncaq-chadirlari;;add;dropdown;29;Состояние;;;;;add;2757;https://lalafo.az/azerbaijan/igrushki/ushaq-oyuncaq-chadirlari/new;Новый
Детский мир;Игрушки;Детские игрушечные палатки;-;-;new;11503;https://lalafo.az/azerbaijan/igrushki/ushaq-oyuncaq-chadirlari;;add;dropdown;29;Состояние;;;;;add;2756;https://lalafo.az/azerbaijan/igrushki/ushaq-oyuncaq-chadirlari/used;Б/у
Детский мир;Игрушки;Детские игрушечные палатки;-;-;new;11503;https://lalafo.az/azerbaijan/igrushki/ushaq-oyuncaq-chadirlari;;add;dropdown;425;Доставка;ИСТИНА;ИСТИНА;ИСТИНА;;;;;
Детский мир;Игрушки;Детские игрушечные палатки;-;-;new;11503;https://lalafo.az/azerbaijan/igrushki/ushaq-oyuncaq-chadirlari;;add;dropdown;425;Доставка;;;;;add;27236;https://lalafo.az/azerbaijan/igrushki/ushaq-oyuncaq-chadirlari/p-27236-customer-pickup;Самовывоз
Детский мир;Игрушки;Детские игрушечные палатки;-;-;new;11503;https://lalafo.az/azerbaijan/igrushki/ushaq-oyuncaq-chadirlari;;add;dropdown;425;Доставка;;;;;add;30644;https://lalafo.az/azerbaijan/igrushki/ushaq-oyuncaq-chadirlari/delivery-to-areas;Доставка в районы
Детский мир;Игрушки;Детские игрушечные палатки;-;-;new;11503;https://lalafo.az/azerbaijan/igrushki/ushaq-oyuncaq-chadirlari;;add;dropdown;425;Доставка;;;;;add;27240;https://lalafo.az/azerbaijan/igrushki/ushaq-oyuncaq-chadirlari/free-delivery;Бесплатная доставка
Детский мир;Игрушки;Детские игрушечные палатки;-;-;new;11503;https://lalafo.az/azerbaijan/igrushki/ushaq-oyuncaq-chadirlari;;add;dropdown;425;Доставка;;;;;add;27241;https://lalafo.az/azerbaijan/igrushki/ushaq-oyuncaq-chadirlari/paid-delivery;Платная доставка
Детский мир;Игрушки;Игрушки-антистресс;-;-;new;11125;https://lalafo.az/azerbaijan/igrushki/antistress-oyuncaqlar;;;;;;;;;;;;;
Детский мир;Игрушки;Игрушки-антистресс;-;-;new;11125;https://lalafo.az/azerbaijan/igrushki/antistress-oyuncaqlar;;old;dropdown;29;Состояние;;;;;;;;
Детский мир;Игрушки;Игрушки-антистресс;-;-;new;11125;https://lalafo.az/azerbaijan/igrushki/antistress-oyuncaqlar;;old;dropdown;425;Доставка;;;;;;;;
Детский мир;Игрушки;Игрушки-антистресс;-;-;new;11125;https://lalafo.az/azerbaijan/igrushki/antistress-oyuncaqlar;;old;dropdown;425;Доставка;;;;;add;27236;https://lalafo.az/azerbaijan/igrushki/antistress-oyuncaqlar/p-27236-customer-pickup;Самовывоз
Детский мир;Игрушки;Игрушки-антистресс;-;-;new;11125;https://lalafo.az/azerbaijan/igrushki/antistress-oyuncaqlar;;old;dropdown;425;Доставка;;;;;add;30644;https://lalafo.az/azerbaijan/igrushki/antistress-oyuncaqlar/delivery-to-areas;Доставка в районы
Детский мир;Игрушки;Игрушки-антистресс;-;-;new;11125;https://lalafo.az/azerbaijan/igrushki/antistress-oyuncaqlar;;old;dropdown;425;Доставка;;;;;add;27240;https://lalafo.az/azerbaijan/igrushki/antistress-oyuncaqlar/free-delivery;Бесплатная доставка
Детский мир;Игрушки;Игрушки-антистресс;-;-;new;11125;https://lalafo.az/azerbaijan/igrushki/antistress-oyuncaqlar;;old;dropdown;425;Доставка;;;;;add;27241;https://lalafo.az/azerbaijan/igrushki/antistress-oyuncaqlar/paid-delivery;Платная доставка
Детский мир;Игрушки;Игрушки-антистресс;Слаймы;-;new;11510;https://lalafo.az/azerbaijan/igrushki/antistress-oyuncaqlar/slaymlar;;;;;;;;;;;;;
Детский мир;Игрушки;Игрушки-антистресс;Слаймы;-;new;11510;https://lalafo.az/azerbaijan/igrushki/antistress-oyuncaqlar/slaymlar;;add;dropdown;425;Доставка;ИСТИНА;ИСТИНА;ИСТИНА;;;;;
Детский мир;Игрушки;Игрушки-антистресс;Слаймы;-;new;11510;https://lalafo.az/azerbaijan/igrushki/antistress-oyuncaqlar/slaymlar;;add;dropdown;425;Доставка;;;;;add;27236;https://lalafo.az/azerbaijan/igrushki/antistress-oyuncaqlar/slaymlar/p-27236-customer-pickup;Самовывоз
Детский мир;Игрушки;Игрушки-антистресс;Слаймы;-;new;11510;https://lalafo.az/azerbaijan/igrushki/antistress-oyuncaqlar/slaymlar;;add;dropdown;425;Доставка;;;;;add;30644;https://lalafo.az/azerbaijan/igrushki/antistress-oyuncaqlar/slaymlar/delivery-to-areas;Доставка в районы
Детский мир;Игрушки;Игрушки-антистресс;Слаймы;-;new;11510;https://lalafo.az/azerbaijan/igrushki/antistress-oyuncaqlar/slaymlar;;add;dropdown;425;Доставка;;;;;add;27240;https://lalafo.az/azerbaijan/igrushki/antistress-oyuncaqlar/slaymlar/free-delivery;Бесплатная доставка
Детский мир;Игрушки;Игрушки-антистресс;Слаймы;-;new;11510;https://lalafo.az/azerbaijan/igrushki/antistress-oyuncaqlar/slaymlar;;add;dropdown;425;Доставка;;;;;add;27241;https://lalafo.az/azerbaijan/igrushki/antistress-oyuncaqlar/slaymlar/paid-delivery;Платная доставка
Детский мир;Игрушки;Игрушки-антистресс;Спиннеры;-;new;11511;https://lalafo.az/azerbaijan/igrushki/antistress-oyuncaqlar/spinerler;;;;;;;;;;;;;
Детский мир;Игрушки;Игрушки-антистресс;Спиннеры;-;new;11511;https://lalafo.az/azerbaijan/igrushki/antistress-oyuncaqlar/spinerler;;add;dropdown;29;Состояние;ЛОЖЬ;ИСТИНА;ИСТИНА;;;;;
Детский мир;Игрушки;Игрушки-антистресс;Спиннеры;-;new;11511;https://lalafo.az/azerbaijan/igrushki/antistress-oyuncaqlar/spinerler;;add;dropdown;29;Состояние;;;;;add;2757;https://lalafo.az/azerbaijan/igrushki/antistress-oyuncaqlar/spinerler/new;Новый
Детский мир;Игрушки;Игрушки-антистресс;Спиннеры;-;new;11511;https://lalafo.az/azerbaijan/igrushki/antistress-oyuncaqlar/spinerler;;add;dropdown;29;Состояние;;;;;add;2756;https://lalafo.az/azerbaijan/igrushki/antistress-oyuncaqlar/spinerler/used;Б/у
Детский мир;Игрушки;Игрушки-антистресс;Спиннеры;-;new;11511;https://lalafo.az/azerbaijan/igrushki/antistress-oyuncaqlar/spinerler;;add;dropdown;425;Доставка;ИСТИНА;ИСТИНА;ИСТИНА;;;;;
Детский мир;Игрушки;Игрушки-антистресс;Спиннеры;-;new;11511;https://lalafo.az/azerbaijan/igrushki/antistress-oyuncaqlar/spinerler;;add;dropdown;425;Доставка;;;;;add;27236;https://lalafo.az/azerbaijan/igrushki/antistress-oyuncaqlar/spinerler/p-27236-customer-pickup;Самовывоз
Детский мир;Игрушки;Игрушки-антистресс;Спиннеры;-;new;11511;https://lalafo.az/azerbaijan/igrushki/antistress-oyuncaqlar/spinerler;;add;dropdown;425;Доставка;;;;;add;30644;https://lalafo.az/azerbaijan/igrushki/antistress-oyuncaqlar/spinerler/delivery-to-areas;Доставка в районы
Детский мир;Игрушки;Игрушки-антистресс;Спиннеры;-;new;11511;https://lalafo.az/azerbaijan/igrushki/antistress-oyuncaqlar/spinerler;;add;dropdown;425;Доставка;;;;;add;27240;https://lalafo.az/azerbaijan/igrushki/antistress-oyuncaqlar/spinerler/free-delivery;Бесплатная доставка
Детский мир;Игрушки;Игрушки-антистресс;Спиннеры;-;new;11511;https://lalafo.az/azerbaijan/igrushki/antistress-oyuncaqlar/spinerler;;add;dropdown;425;Доставка;;;;;add;27241;https://lalafo.az/azerbaijan/igrushki/antistress-oyuncaqlar/spinerler/paid-delivery;Платная доставка
Детский мир;Игрушки;Игрушки-антистресс;Орбиз;-;new;11513;https://lalafo.az/azerbaijan/igrushki/antistress-oyuncaqlar/orbeez;;;;;;;;;;;;;
Детский мир;Игрушки;Игрушки-антистресс;Орбиз;-;new;11513;https://lalafo.az/azerbaijan/igrushki/antistress-oyuncaqlar/orbeez;;add;dropdown;425;Доставка;ИСТИНА;ИСТИНА;ИСТИНА;;;;;
Детский мир;Игрушки;Игрушки-антистресс;Орбиз;-;new;11513;https://lalafo.az/azerbaijan/igrushki/antistress-oyuncaqlar/orbeez;;add;dropdown;425;Доставка;;;;;add;27236;https://lalafo.az/azerbaijan/igrushki/antistress-oyuncaqlar/orbeez/p-27236-customer-pickup;Самовывоз
Детский мир;Игрушки;Игрушки-антистресс;Орбиз;-;new;11513;https://lalafo.az/azerbaijan/igrushki/antistress-oyuncaqlar/orbeez;;add;dropdown;425;Доставка;;;;;add;30644;https://lalafo.az/azerbaijan/igrushki/antistress-oyuncaqlar/orbeez/delivery-to-areas;Доставка в районы
Детский мир;Игрушки;Игрушки-антистресс;Орбиз;-;new;11513;https://lalafo.az/azerbaijan/igrushki/antistress-oyuncaqlar/orbeez;;add;dropdown;425;Доставка;;;;;add;27240;https://lalafo.az/azerbaijan/igrushki/antistress-oyuncaqlar/orbeez/free-delivery;Бесплатная доставка
Детский мир;Игрушки;Игрушки-антистресс;Орбиз;-;new;11513;https://lalafo.az/azerbaijan/igrushki/antistress-oyuncaqlar/orbeez;;add;dropdown;425;Доставка;;;;;add;27241;https://lalafo.az/azerbaijan/igrushki/antistress-oyuncaqlar/orbeez/paid-delivery;Платная доставка
Детский мир;Игрушки;Игрушки-антистресс;Поп-иты;-;new;11512;https://lalafo.az/azerbaijan/igrushki/antistress-oyuncaqlar/pop-it-ler;;;;;;;;;;;;;
Детский мир;Игрушки;Игрушки-антистресс;Поп-иты;-;new;11512;https://lalafo.az/azerbaijan/igrushki/antistress-oyuncaqlar/pop-it-ler;;add;dropdown;29;Состояние;ЛОЖЬ;ИСТИНА;ИСТИНА;;;;;
Детский мир;Игрушки;Игрушки-антистресс;Поп-иты;-;new;11512;https://lalafo.az/azerbaijan/igrushki/antistress-oyuncaqlar/pop-it-ler;;add;dropdown;29;Состояние;;;;;add;2757;https://lalafo.az/azerbaijan/igrushki/antistress-oyuncaqlar/pop-it-ler/new;Новый
Детский мир;Игрушки;Игрушки-антистресс;Поп-иты;-;new;11512;https://lalafo.az/azerbaijan/igrushki/antistress-oyuncaqlar/pop-it-ler;;add;dropdown;29;Состояние;;;;;add;2756;https://lalafo.az/azerbaijan/igrushki/antistress-oyuncaqlar/pop-it-ler/used;Б/у
Детский мир;Игрушки;Игрушки-антистресс;Поп-иты;-;new;11512;https://lalafo.az/azerbaijan/igrushki/antistress-oyuncaqlar/pop-it-ler;;add;dropdown;425;Доставка;ИСТИНА;ИСТИНА;ИСТИНА;;;;;
Детский мир;Игрушки;Игрушки-антистресс;Поп-иты;-;new;11512;https://lalafo.az/azerbaijan/igrushki/antistress-oyuncaqlar/pop-it-ler;;add;dropdown;425;Доставка;;;;;add;27236;https://lalafo.az/azerbaijan/igrushki/antistress-oyuncaqlar/pop-it-ler/p-27236-customer-pickup;Самовывоз
Детский мир;Игрушки;Игрушки-антистресс;Поп-иты;-;new;11512;https://lalafo.az/azerbaijan/igrushki/antistress-oyuncaqlar/pop-it-ler;;add;dropdown;425;Доставка;;;;;add;30644;https://lalafo.az/azerbaijan/igrushki/antistress-oyuncaqlar/pop-it-ler/delivery-to-areas;Доставка в районы
Детский мир;Игрушки;Игрушки-антистресс;Поп-иты;-;new;11512;https://lalafo.az/azerbaijan/igrushki/antistress-oyuncaqlar/pop-it-ler;;add;dropdown;425;Доставка;;;;;add;27240;https://lalafo.az/azerbaijan/igrushki/antistress-oyuncaqlar/pop-it-ler/free-delivery;Бесплатная доставка
Детский мир;Игрушки;Игрушки-антистресс;Поп-иты;-;new;11512;https://lalafo.az/azerbaijan/igrushki/antistress-oyuncaqlar/pop-it-ler;;add;dropdown;425;Доставка;;;;;add;27241;https://lalafo.az/azerbaijan/igrushki/antistress-oyuncaqlar/pop-it-ler/paid-delivery;Платная доставка
Детский мир;Игрушки;Игрушки-антистресс;Сквиши;-;new;11514;https://lalafo.az/azerbaijan/igrushki/antistress-oyuncaqlar/squishler;;;;;;;;;;;;;
Детский мир;Игрушки;Игрушки-антистресс;Сквиши;-;new;11514;https://lalafo.az/azerbaijan/igrushki/antistress-oyuncaqlar/squishler;;add;dropdown;29;Состояние;ЛОЖЬ;ИСТИНА;ИСТИНА;;;;;
Детский мир;Игрушки;Игрушки-антистресс;Сквиши;-;new;11514;https://lalafo.az/azerbaijan/igrushki/antistress-oyuncaqlar/squishler;;add;dropdown;29;Состояние;;;;;add;2757;https://lalafo.az/azerbaijan/igrushki/antistress-oyuncaqlar/squishler/new;Новый
Детский мир;Игрушки;Игрушки-антистресс;Сквиши;-;new;11514;https://lalafo.az/azerbaijan/igrushki/antistress-oyuncaqlar/squishler;;add;dropdown;29;Состояние;;;;;add;2756;https://lalafo.az/azerbaijan/igrushki/antistress-oyuncaqlar/squishler/used;Б/у
Детский мир;Игрушки;Игрушки-антистресс;Сквиши;-;new;11514;https://lalafo.az/azerbaijan/igrushki/antistress-oyuncaqlar/squishler;;add;dropdown;425;Доставка;ИСТИНА;ИСТИНА;ИСТИНА;;;;;
Детский мир;Игрушки;Игрушки-антистресс;Сквиши;-;new;11514;https://lalafo.az/azerbaijan/igrushki/antistress-oyuncaqlar/squishler;;add;dropdown;425;Доставка;;;;;add;27236;https://lalafo.az/azerbaijan/igrushki/antistress-oyuncaqlar/squishler/p-27236-customer-pickup;Самовывоз
Детский мир;Игрушки;Игрушки-антистресс;Сквиши;-;new;11514;https://lalafo.az/azerbaijan/igrushki/antistress-oyuncaqlar/squishler;;add;dropdown;425;Доставка;;;;;add;30644;https://lalafo.az/azerbaijan/igrushki/antistress-oyuncaqlar/squishler/delivery-to-areas;Доставка в районы
Детский мир;Игрушки;Игрушки-антистресс;Сквиши;-;new;11514;https://lalafo.az/azerbaijan/igrushki/antistress-oyuncaqlar/squishler;;add;dropdown;425;Доставка;;;;;add;27240;https://lalafo.az/azerbaijan/igrushki/antistress-oyuncaqlar/squishler/free-delivery;Бесплатная доставка
Детский мир;Игрушки;Игрушки-антистресс;Сквиши;-;new;11514;https://lalafo.az/azerbaijan/igrushki/antistress-oyuncaqlar/squishler;;add;dropdown;425;Доставка;;;;;add;27241;https://lalafo.az/azerbaijan/igrushki/antistress-oyuncaqlar/squishler/paid-delivery;Платная доставка
Детский мир;Игрушки;Игрушки-антистресс;Другие антистресс игрушки;-;new;11515;https://lalafo.az/azerbaijan/igrushki/antistress-oyuncaqlar/diger-anti-stress-oyuncaqlar;;;;;;;;;;;;;
Детский мир;Игрушки;Игрушки-антистресс;Другие антистресс игрушки;-;new;11515;https://lalafo.az/azerbaijan/igrushki/antistress-oyuncaqlar/diger-anti-stress-oyuncaqlar;;add;dropdown;29;Состояние;ЛОЖЬ;ИСТИНА;ИСТИНА;;;;;
Детский мир;Игрушки;Игрушки-антистресс;Другие антистресс игрушки;-;new;11515;https://lalafo.az/azerbaijan/igrushki/antistress-oyuncaqlar/diger-anti-stress-oyuncaqlar;;add;dropdown;29;Состояние;;;;;add;2757;https://lalafo.az/azerbaijan/igrushki/antistress-oyuncaqlar/diger-anti-stress-oyuncaqlar/new;Новый
Детский мир;Игрушки;Игрушки-антистресс;Другие антистресс игрушки;-;new;11515;https://lalafo.az/azerbaijan/igrushki/antistress-oyuncaqlar/diger-anti-stress-oyuncaqlar;;add;dropdown;29;Состояние;;;;;add;2756;https://lalafo.az/azerbaijan/igrushki/antistress-oyuncaqlar/diger-anti-stress-oyuncaqlar/used;Б/у
Детский мир;Игрушки;Игрушки-антистресс;Другие антистресс игрушки;-;new;11515;https://lalafo.az/azerbaijan/igrushki/antistress-oyuncaqlar/diger-anti-stress-oyuncaqlar;;add;dropdown;425;Доставка;ИСТИНА;ИСТИНА;ИСТИНА;;;;;
Детский мир;Игрушки;Игрушки-антистресс;Другие антистресс игрушки;-;new;11515;https://lalafo.az/azerbaijan/igrushki/antistress-oyuncaqlar/diger-anti-stress-oyuncaqlar;;add;dropdown;425;Доставка;;;;;add;27236;https://lalafo.az/azerbaijan/igrushki/antistress-oyuncaqlar/diger-anti-stress-oyuncaqlar/p-27236-customer-pickup;Самовывоз
Детский мир;Игрушки;Игрушки-антистресс;Другие антистресс игрушки;-;new;11515;https://lalafo.az/azerbaijan/igrushki/antistress-oyuncaqlar/diger-anti-stress-oyuncaqlar;;add;dropdown;425;Доставка;;;;;add;30644;https://lalafo.az/azerbaijan/igrushki/antistress-oyuncaqlar/diger-anti-stress-oyuncaqlar/delivery-to-areas;Доставка в районы
Детский мир;Игрушки;Игрушки-антистресс;Другие антистресс игрушки;-;new;11515;https://lalafo.az/azerbaijan/igrushki/antistress-oyuncaqlar/diger-anti-stress-oyuncaqlar;;add;dropdown;425;Доставка;;;;;add;27240;https://lalafo.az/azerbaijan/igrushki/antistress-oyuncaqlar/diger-anti-stress-oyuncaqlar/free-delivery;Бесплатная доставка
Детский мир;Игрушки;Игрушки-антистресс;Другие антистресс игрушки;-;new;11515;https://lalafo.az/azerbaijan/igrushki/antistress-oyuncaqlar/diger-anti-stress-oyuncaqlar;;add;dropdown;425;Доставка;;;;;add;27241;https://lalafo.az/azerbaijan/igrushki/antistress-oyuncaqlar/diger-anti-stress-oyuncaqlar/paid-delivery;Платная доставка
Детский мир;Игрушки;Лошадки качалки;-;-;new;11215;https://lalafo.az/azerbaijan/igrushki/yellencek-atlar;;;;;;;;;;;;;
Детский мир;Игрушки;Лошадки качалки;-;-;new;11215;https://lalafo.az/azerbaijan/igrushki/yellencek-atlar;;add;dropdown;29;Состояние;ЛОЖЬ;ИСТИНА;ИСТИНА;;;;;
Детский мир;Игрушки;Лошадки качалки;-;-;new;11215;https://lalafo.az/azerbaijan/igrushki/yellencek-atlar;;add;dropdown;425;Доставка;ИСТИНА;ИСТИНА;ИСТИНА;;;;;
Детский мир;Игрушки;Роботы и трансформеры;-;-;new;11167;https://lalafo.az/azerbaijan/igrushki/robotlar-ve-transformerler;;;;;;;;;;;;;
Детский мир;Игрушки;Роботы и трансформеры;-;-;new;11167;https://lalafo.az/azerbaijan/igrushki/robotlar-ve-transformerler;;add;dropdown;29;Состояние;ЛОЖЬ;ИСТИНА;ИСТИНА;;;;;
Детский мир;Игрушки;Роботы и трансформеры;-;-;new;11167;https://lalafo.az/azerbaijan/igrushki/robotlar-ve-transformerler;;add;dropdown;425;Доставка;ИСТИНА;ИСТИНА;ЛОЖЬ;;;;;
Детский мир;Игрушки;Детские музыкальные инструменты;-;-;new;11211;https://lalafo.az/azerbaijan/igrushki/ushaq-musiqi-aletleri;;;;;;;;;;;;;
Детский мир;Игрушки;Детские музыкальные инструменты;-;-;new;11211;https://lalafo.az/azerbaijan/igrushki/ushaq-musiqi-aletleri;;add;dropdown;29;Состояние;;;;;;;;
Детский мир;Игрушки;Детские музыкальные инструменты;-;-;new;11211;https://lalafo.az/azerbaijan/igrushki/ushaq-musiqi-aletleri;;add;dropdown;425;Доставка;;;;;;;;
Детский мир;Игрушки;Детские музыкальные инструменты;Детские пианино;-;new;11428;https://lalafo.az/azerbaijan/igrushki/musiqili-oyuncaqlar/ushaq-pianinolari;;;;;;;;;;;;;
Детский мир;Игрушки;Детские музыкальные инструменты;Детские пианино;-;new;11428;https://lalafo.az/azerbaijan/igrushki/musiqili-oyuncaqlar/ushaq-pianinolari;;add;dropdown;29;Состояние;ЛОЖЬ;ИСТИНА;ИСТИНА;;;;;
Детский мир;Игрушки;Детские музыкальные инструменты;Детские пианино;-;new;11428;https://lalafo.az/azerbaijan/igrushki/musiqili-oyuncaqlar/ushaq-pianinolari;;add;dropdown;425;Доставка;ИСТИНА;ИСТИНА;ИСТИНА;;;;;
Детский мир;Игрушки;Детские музыкальные инструменты;Детские пианино;-;new;11428;https://lalafo.az/azerbaijan/igrushki/musiqili-oyuncaqlar/ushaq-pianinolari;;add;dropdown;425;Доставка;;;;;add;27236;https://lalafo.az/azerbaijan/igrushki/musiqili-oyuncaqlar/ushaq-pianinolari/p-27236-customer-pickup;Самовывоз
Детский мир;Игрушки;Детские музыкальные инструменты;Детские пианино;-;new;11428;https://lalafo.az/azerbaijan/igrushki/musiqili-oyuncaqlar/ushaq-pianinolari;;add;dropdown;425;Доставка;;;;;add;30644;https://lalafo.az/azerbaijan/igrushki/musiqili-oyuncaqlar/ushaq-pianinolari/delivery-to-areas;Доставка в районы
Детский мир;Игрушки;Детские музыкальные инструменты;Детские пианино;-;new;11428;https://lalafo.az/azerbaijan/igrushki/musiqili-oyuncaqlar/ushaq-pianinolari;;add;dropdown;425;Доставка;;;;;add;27240;https://lalafo.az/azerbaijan/igrushki/musiqili-oyuncaqlar/ushaq-pianinolari/free-delivery;Бесплатная доставка
Детский мир;Игрушки;Детские музыкальные инструменты;Детские пианино;-;new;11428;https://lalafo.az/azerbaijan/igrushki/musiqili-oyuncaqlar/ushaq-pianinolari;;add;dropdown;425;Доставка;;;;;add;27241;https://lalafo.az/azerbaijan/igrushki/musiqili-oyuncaqlar/ushaq-pianinolari/paid-delivery;Платная доставка
Детский мир;Игрушки;Детские музыкальные инструменты;Детские гитары;-;new;11427;https://lalafo.az/azerbaijan/igrushki/musiqili-oyuncaqlar/ushaq-gitaralari;;;;;;;;;;;;;
Детский мир;Игрушки;Детские музыкальные инструменты;Детские гитары;-;new;11427;https://lalafo.az/azerbaijan/igrushki/musiqili-oyuncaqlar/ushaq-gitaralari;;add;dropdown;29;Состояние;ЛОЖЬ;ИСТИНА;ИСТИНА;;;;;
Детский мир;Игрушки;Детские музыкальные инструменты;Детские гитары;-;new;11427;https://lalafo.az/azerbaijan/igrushki/musiqili-oyuncaqlar/ushaq-gitaralari;;add;dropdown;425;Доставка;ИСТИНА;ИСТИНА;ИСТИНА;;;;;
Детский мир;Игрушки;Детские музыкальные инструменты;Детские гитары;-;new;11427;https://lalafo.az/azerbaijan/igrushki/musiqili-oyuncaqlar/ushaq-gitaralari;;add;dropdown;425;Доставка;;;;;add;27236;https://lalafo.az/azerbaijan/igrushki/musiqili-oyuncaqlar/ushaq-gitaralari/p-27236-customer-pickup;Самовывоз
Детский мир;Игрушки;Детские музыкальные инструменты;Детские гитары;-;new;11427;https://lalafo.az/azerbaijan/igrushki/musiqili-oyuncaqlar/ushaq-gitaralari;;add;dropdown;425;Доставка;;;;;add;30644;https://lalafo.az/azerbaijan/igrushki/musiqili-oyuncaqlar/ushaq-gitaralari/delivery-to-areas;Доставка в районы
Детский мир;Игрушки;Детские музыкальные инструменты;Детские гитары;-;new;11427;https://lalafo.az/azerbaijan/igrushki/musiqili-oyuncaqlar/ushaq-gitaralari;;add;dropdown;425;Доставка;;;;;add;27240;https://lalafo.az/azerbaijan/igrushki/musiqili-oyuncaqlar/ushaq-gitaralari/free-delivery;Бесплатная доставка
Детский мир;Игрушки;Детские музыкальные инструменты;Детские гитары;-;new;11427;https://lalafo.az/azerbaijan/igrushki/musiqili-oyuncaqlar/ushaq-gitaralari;;add;dropdown;425;Доставка;;;;;add;27241;https://lalafo.az/azerbaijan/igrushki/musiqili-oyuncaqlar/ushaq-gitaralari/paid-delivery;Платная доставка
Детский мир;Игрушки;Детские музыкальные инструменты;Детские синтезаторы;-;new;11429;https://lalafo.az/azerbaijan/igrushki/musiqili-oyuncaqlar/ushaq-sintezatorlari;;;;;;;;;;;;;
Детский мир;Игрушки;Детские музыкальные инструменты;Детские синтезаторы;-;new;11429;https://lalafo.az/azerbaijan/igrushki/musiqili-oyuncaqlar/ushaq-sintezatorlari;;add;dropdown;29;Состояние;ЛОЖЬ;ИСТИНА;ИСТИНА;;;;;
Детский мир;Игрушки;Детские музыкальные инструменты;Детские синтезаторы;-;new;11429;https://lalafo.az/azerbaijan/igrushki/musiqili-oyuncaqlar/ushaq-sintezatorlari;;add;dropdown;425;Доставка;ИСТИНА;ИСТИНА;ИСТИНА;;;;;
Детский мир;Игрушки;Детские музыкальные инструменты;Детские синтезаторы;-;new;11429;https://lalafo.az/azerbaijan/igrushki/musiqili-oyuncaqlar/ushaq-sintezatorlari;;add;dropdown;425;Доставка;;;;;add;27236;https://lalafo.az/azerbaijan/igrushki/musiqili-oyuncaqlar/ushaq-sintezatorlari/p-27236-customer-pickup;Самовывоз
Детский мир;Игрушки;Детские музыкальные инструменты;Детские синтезаторы;-;new;11429;https://lalafo.az/azerbaijan/igrushki/musiqili-oyuncaqlar/ushaq-sintezatorlari;;add;dropdown;425;Доставка;;;;;add;30644;https://lalafo.az/azerbaijan/igrushki/musiqili-oyuncaqlar/ushaq-sintezatorlari/delivery-to-areas;Доставка в районы
Детский мир;Игрушки;Детские музыкальные инструменты;Детские синтезаторы;-;new;11429;https://lalafo.az/azerbaijan/igrushki/musiqili-oyuncaqlar/ushaq-sintezatorlari;;add;dropdown;425;Доставка;;;;;add;27240;https://lalafo.az/azerbaijan/igrushki/musiqili-oyuncaqlar/ushaq-sintezatorlari/free-delivery;Бесплатная доставка
Детский мир;Игрушки;Детские музыкальные инструменты;Детские синтезаторы;-;new;11429;https://lalafo.az/azerbaijan/igrushki/musiqili-oyuncaqlar/ushaq-sintezatorlari;;add;dropdown;425;Доставка;;;;;add;27241;https://lalafo.az/azerbaijan/igrushki/musiqili-oyuncaqlar/ushaq-sintezatorlari/paid-delivery;Платная доставка
Детский мир;Игрушки;Детские музыкальные инструменты;Детские гармони;-;new;11430;https://lalafo.az/azerbaijan/igrushki/musiqili-oyuncaqlar/ushaq-qarmonlari;;;;;;;;;;;;;
Детский мир;Игрушки;Детские музыкальные инструменты;Детские гармони;-;new;11430;https://lalafo.az/azerbaijan/igrushki/musiqili-oyuncaqlar/ushaq-qarmonlari;;add;dropdown;29;Состояние;ЛОЖЬ;ИСТИНА;ИСТИНА;;;;;
Детский мир;Игрушки;Детские музыкальные инструменты;Детские гармони;-;new;11430;https://lalafo.az/azerbaijan/igrushki/musiqili-oyuncaqlar/ushaq-qarmonlari;;add;dropdown;425;Доставка;ИСТИНА;ИСТИНА;ИСТИНА;;;;;
Детский мир;Игрушки;Детские музыкальные инструменты;Детские гармони;-;new;11430;https://lalafo.az/azerbaijan/igrushki/musiqili-oyuncaqlar/ushaq-qarmonlari;;add;dropdown;425;Доставка;;;;;add;27236;https://lalafo.az/azerbaijan/igrushki/musiqili-oyuncaqlar/ushaq-qarmonlari/p-27236-customer-pickup;Самовывоз
Детский мир;Игрушки;Детские музыкальные инструменты;Детские гармони;-;new;11430;https://lalafo.az/azerbaijan/igrushki/musiqili-oyuncaqlar/ushaq-qarmonlari;;add;dropdown;425;Доставка;;;;;add;30644;https://lalafo.az/azerbaijan/igrushki/musiqili-oyuncaqlar/ushaq-qarmonlari/delivery-to-areas;Доставка в районы
Детский мир;Игрушки;Детские музыкальные инструменты;Детские гармони;-;new;11430;https://lalafo.az/azerbaijan/igrushki/musiqili-oyuncaqlar/ushaq-qarmonlari;;add;dropdown;425;Доставка;;;;;add;27240;https://lalafo.az/azerbaijan/igrushki/musiqili-oyuncaqlar/ushaq-qarmonlari/free-delivery;Бесплатная доставка
Детский мир;Игрушки;Детские музыкальные инструменты;Детские гармони;-;new;11430;https://lalafo.az/azerbaijan/igrushki/musiqili-oyuncaqlar/ushaq-qarmonlari;;add;dropdown;425;Доставка;;;;;add;27241;https://lalafo.az/azerbaijan/igrushki/musiqili-oyuncaqlar/ushaq-qarmonlari/paid-delivery;Платная доставка
Детский мир;Игрушки;Детские музыкальные инструменты;Другие детские музыкальные инструменты;-;new;11431;https://lalafo.az/azerbaijan/igrushki/musiqili-oyuncaqlar/diger-ushaq-musiqi-aletleri;;;;;;;;;;;;;
Детский мир;Игрушки;Детские музыкальные инструменты;Другие детские музыкальные инструменты;-;new;11431;https://lalafo.az/azerbaijan/igrushki/musiqili-oyuncaqlar/diger-ushaq-musiqi-aletleri;;add;dropdown;29;Состояние;ЛОЖЬ;ИСТИНА;ИСТИНА;;;;;
Детский мир;Игрушки;Детские музыкальные инструменты;Другие детские музыкальные инструменты;-;new;11431;https://lalafo.az/azerbaijan/igrushki/musiqili-oyuncaqlar/diger-ushaq-musiqi-aletleri;;add;dropdown;425;Доставка;ИСТИНА;ИСТИНА;ИСТИНА;;;;;
Детский мир;Игрушки;Детские музыкальные инструменты;Другие детские музыкальные инструменты;-;new;11431;https://lalafo.az/azerbaijan/igrushki/musiqili-oyuncaqlar/diger-ushaq-musiqi-aletleri;;add;dropdown;425;Доставка;;;;;add;27236;https://lalafo.az/azerbaijan/igrushki/musiqili-oyuncaqlar/diger-ushaq-musiqi-aletleri/p-27236-customer-pickup;Самовывоз
Детский мир;Игрушки;Детские музыкальные инструменты;Другие детские музыкальные инструменты;-;new;11431;https://lalafo.az/azerbaijan/igrushki/musiqili-oyuncaqlar/diger-ushaq-musiqi-aletleri;;add;dropdown;425;Доставка;;;;;add;30644;https://lalafo.az/azerbaijan/igrushki/musiqili-oyuncaqlar/diger-ushaq-musiqi-aletleri/delivery-to-areas;Доставка в районы
Детский мир;Игрушки;Детские музыкальные инструменты;Другие детские музыкальные инструменты;-;new;11431;https://lalafo.az/azerbaijan/igrushki/musiqili-oyuncaqlar/diger-ushaq-musiqi-aletleri;;add;dropdown;425;Доставка;;;;;add;27240;https://lalafo.az/azerbaijan/igrushki/musiqili-oyuncaqlar/diger-ushaq-musiqi-aletleri/free-delivery;Бесплатная доставка
Детский мир;Игрушки;Детские музыкальные инструменты;Другие детские музыкальные инструменты;-;new;11431;https://lalafo.az/azerbaijan/igrushki/musiqili-oyuncaqlar/diger-ushaq-musiqi-aletleri;;add;dropdown;425;Доставка;;;;;add;27241;https://lalafo.az/azerbaijan/igrushki/musiqili-oyuncaqlar/diger-ushaq-musiqi-aletleri/paid-delivery;Платная доставка
Детский мир;Игрушки;Детские рации;-;-;new;11162;https://lalafo.az/azerbaijan/igrushki/ushaq-ratsiyalari;;;;;;;;;;;;;
Детский мир;Игрушки;Детские рации;-;-;new;11162;https://lalafo.az/azerbaijan/igrushki/ushaq-ratsiyalari;;add;dropdown;29;Состояние;ЛОЖЬ;ИСТИНА;ИСТИНА;;;;;
Детский мир;Игрушки;Детские рации;-;-;new;11162;https://lalafo.az/azerbaijan/igrushki/ushaq-ratsiyalari;;add;dropdown;425;Доставка;ИСТИНА;ИСТИНА;ИСТИНА;;;;;
Детский мир;Игрушки;Подвесные игрушки для кроватки;-;-;new;11163;https://lalafo.az/azerbaijan/igrushki/beshik-uchun-asma-oyuncaqlar;;;;;;;;;;;;;
Детский мир;Игрушки;Подвесные игрушки для кроватки;-;-;new;11163;https://lalafo.az/azerbaijan/igrushki/beshik-uchun-asma-oyuncaqlar;;add;dropdown;29;Состояние;ЛОЖЬ;ИСТИНА;ИСТИНА;;;;;
Детский мир;Игрушки;Подвесные игрушки для кроватки;-;-;new;11163;https://lalafo.az/azerbaijan/igrushki/beshik-uchun-asma-oyuncaqlar;;add;dropdown;425;Доставка;ИСТИНА;ИСТИНА;ИСТИНА;;;;;
Детский мир;Игрушки;Подвесные игрушки для кроватки;-;-;new;11163;https://lalafo.az/azerbaijan/igrushki/beshik-uchun-asma-oyuncaqlar;;add;dropdown;425;Доставка;;;;;add;27236;https://lalafo.az/azerbaijan/igrushki/beshik-uchun-asma-oyuncaqlar/p-27236-customer-pickup;Самовывоз
Детский мир;Игрушки;Подвесные игрушки для кроватки;-;-;new;11163;https://lalafo.az/azerbaijan/igrushki/beshik-uchun-asma-oyuncaqlar;;add;dropdown;425;Доставка;;;;;add;30644;https://lalafo.az/azerbaijan/igrushki/beshik-uchun-asma-oyuncaqlar/delivery-to-areas;Доставка в районы
Детский мир;Игрушки;Подвесные игрушки для кроватки;-;-;new;11163;https://lalafo.az/azerbaijan/igrushki/beshik-uchun-asma-oyuncaqlar;;add;dropdown;425;Доставка;;;;;add;27240;https://lalafo.az/azerbaijan/igrushki/beshik-uchun-asma-oyuncaqlar/free-delivery;Бесплатная доставка
Детский мир;Игрушки;Подвесные игрушки для кроватки;-;-;new;11163;https://lalafo.az/azerbaijan/igrushki/beshik-uchun-asma-oyuncaqlar;;add;dropdown;425;Доставка;;;;;add;27241;https://lalafo.az/azerbaijan/igrushki/beshik-uchun-asma-oyuncaqlar/paid-delivery;Платная доставка
Детский мир;Игрушки;Игрушечные компьютеры;-;-;new;11407;https://lalafo.az/azerbaijan/igrushki/oyuncaq-komputerler;;;;;;;;;;;;;
Детский мир;Игрушки;Игрушечные компьютеры;-;-;new;11407;https://lalafo.az/azerbaijan/igrushki/oyuncaq-komputerler;;add;dropdown;29;Состояние;ЛОЖЬ;ИСТИНА;ИСТИНА;;;;;
Детский мир;Игрушки;Игрушечные компьютеры;-;-;new;11407;https://lalafo.az/azerbaijan/igrushki/oyuncaq-komputerler;;add;dropdown;29;Состояние;;;;;add;2757;https://lalafo.az/azerbaijan/igrushki/oyuncaq-komputerler/new;Новый
Детский мир;Игрушки;Игрушечные компьютеры;-;-;new;11407;https://lalafo.az/azerbaijan/igrushki/oyuncaq-komputerler;;add;dropdown;29;Состояние;;;;;add;2756;https://lalafo.az/azerbaijan/igrushki/oyuncaq-komputerler/used;Б/у
Детский мир;Игрушки;Игрушечные компьютеры;-;-;new;11407;https://lalafo.az/azerbaijan/igrushki/oyuncaq-komputerler;;add;dropdown;425;Доставка;ИСТИНА;ИСТИНА;ИСТИНА;;;;;
Детский мир;Игрушки;Игрушечные компьютеры;-;-;new;11407;https://lalafo.az/azerbaijan/igrushki/oyuncaq-komputerler;;add;dropdown;425;Доставка;;;;;add;27236;https://lalafo.az/azerbaijan/igrushki/oyuncaq-komputerler/p-27236-customer-pickup;Самовывоз
Детский мир;Игрушки;Игрушечные компьютеры;-;-;new;11407;https://lalafo.az/azerbaijan/igrushki/oyuncaq-komputerler;;add;dropdown;425;Доставка;;;;;add;30644;https://lalafo.az/azerbaijan/igrushki/oyuncaq-komputerler/delivery-to-areas;Доставка в районы
Детский мир;Игрушки;Игрушечные компьютеры;-;-;new;11407;https://lalafo.az/azerbaijan/igrushki/oyuncaq-komputerler;;add;dropdown;425;Доставка;;;;;add;27240;https://lalafo.az/azerbaijan/igrushki/oyuncaq-komputerler/free-delivery;Бесплатная доставка
Детский мир;Игрушки;Игрушечные компьютеры;-;-;new;11407;https://lalafo.az/azerbaijan/igrushki/oyuncaq-komputerler;;add;dropdown;425;Доставка;;;;;add;27241;https://lalafo.az/azerbaijan/igrushki/oyuncaq-komputerler/paid-delivery;Платная доставка
Детский мир;Игрушки;Тетрис;-;-;new;11406;https://lalafo.az/azerbaijan/igrushki/tetris;;;;;;;;;;;;;
Детский мир;Игрушки;Тетрис;-;-;new;11406;https://lalafo.az/azerbaijan/igrushki/tetris;;add;dropdown;29;Состояние;ЛОЖЬ;ИСТИНА;ИСТИНА;;;;;
Детский мир;Игрушки;Тетрис;-;-;new;11406;https://lalafo.az/azerbaijan/igrushki/tetris;;add;dropdown;29;Состояние;;;;;add;2757;https://lalafo.az/azerbaijan/igrushki/tetris/new;Новый
Детский мир;Игрушки;Тетрис;-;-;new;11406;https://lalafo.az/azerbaijan/igrushki/tetris;;add;dropdown;29;Состояние;;;;;add;2756;https://lalafo.az/azerbaijan/igrushki/tetris/used;Б/у
Детский мир;Игрушки;Тетрис;-;-;new;11406;https://lalafo.az/azerbaijan/igrushki/tetris;;add;dropdown;425;Доставка;ИСТИНА;ИСТИНА;ИСТИНА;;;;;
Детский мир;Игрушки;Тетрис;-;-;new;11406;https://lalafo.az/azerbaijan/igrushki/tetris;;add;dropdown;425;Доставка;;;;;add;27236;https://lalafo.az/azerbaijan/igrushki/tetris/p-27236-customer-pickup;Самовывоз
Детский мир;Игрушки;Тетрис;-;-;new;11406;https://lalafo.az/azerbaijan/igrushki/tetris;;add;dropdown;425;Доставка;;;;;add;30644;https://lalafo.az/azerbaijan/igrushki/tetris/delivery-to-areas;Доставка в районы
Детский мир;Игрушки;Тетрис;-;-;new;11406;https://lalafo.az/azerbaijan/igrushki/tetris;;add;dropdown;425;Доставка;;;;;add;27240;https://lalafo.az/azerbaijan/igrushki/tetris/free-delivery;Бесплатная доставка
Детский мир;Игрушки;Тетрис;-;-;new;11406;https://lalafo.az/azerbaijan/igrushki/tetris;;add;dropdown;425;Доставка;;;;;add;27241;https://lalafo.az/azerbaijan/igrushki/tetris/paid-delivery;Платная доставка
Детский мир;Игрушки;Игрушечные планшеты;-;-;new;11408;https://lalafo.az/azerbaijan/igrushki/oyuncaq-planshetler;;;;;;;;;;;;;
Детский мир;Игрушки;Игрушечные планшеты;-;-;new;11408;https://lalafo.az/azerbaijan/igrushki/oyuncaq-planshetler;;add;dropdown;29;Состояние;ЛОЖЬ;ИСТИНА;ИСТИНА;;;;;
Детский мир;Игрушки;Игрушечные планшеты;-;-;new;11408;https://lalafo.az/azerbaijan/igrushki/oyuncaq-planshetler;;add;dropdown;29;Состояние;;;;;add;2757;https://lalafo.az/azerbaijan/igrushki/oyuncaq-planshetler/new;Новый
Детский мир;Игрушки;Игрушечные планшеты;-;-;new;11408;https://lalafo.az/azerbaijan/igrushki/oyuncaq-planshetler;;add;dropdown;29;Состояние;;;;;add;2756;https://lalafo.az/azerbaijan/igrushki/oyuncaq-planshetler/used;Б/у
Детский мир;Игрушки;Игрушечные планшеты;-;-;new;11408;https://lalafo.az/azerbaijan/igrushki/oyuncaq-planshetler;;add;dropdown;425;Доставка;ИСТИНА;ИСТИНА;ИСТИНА;;;;;
Детский мир;Игрушки;Игрушечные планшеты;-;-;new;11408;https://lalafo.az/azerbaijan/igrushki/oyuncaq-planshetler;;add;dropdown;425;Доставка;;;;;add;27236;https://lalafo.az/azerbaijan/igrushki/oyuncaq-planshetler/p-27236-customer-pickup;Самовывоз
Детский мир;Игрушки;Игрушечные планшеты;-;-;new;11408;https://lalafo.az/azerbaijan/igrushki/oyuncaq-planshetler;;add;dropdown;425;Доставка;;;;;add;30644;https://lalafo.az/azerbaijan/igrushki/oyuncaq-planshetler/delivery-to-areas;Доставка в районы
Детский мир;Игрушки;Игрушечные планшеты;-;-;new;11408;https://lalafo.az/azerbaijan/igrushki/oyuncaq-planshetler;;add;dropdown;425;Доставка;;;;;add;27240;https://lalafo.az/azerbaijan/igrushki/oyuncaq-planshetler/free-delivery;Бесплатная доставка
Детский мир;Игрушки;Игрушечные планшеты;-;-;new;11408;https://lalafo.az/azerbaijan/igrushki/oyuncaq-planshetler;;add;dropdown;425;Доставка;;;;;add;27241;https://lalafo.az/azerbaijan/igrushki/oyuncaq-planshetler/paid-delivery;Платная доставка
Детский мир;Игрушки;Игрушечные фотоаппараты;-;-;new;11409;https://lalafo.az/azerbaijan/igrushki/oyuncaq-fotoaparatlar;;;;;;;;;;;;;
Детский мир;Игрушки;Игрушечные фотоаппараты;-;-;new;11409;https://lalafo.az/azerbaijan/igrushki/oyuncaq-fotoaparatlar;;add;dropdown;29;Состояние;ЛОЖЬ;ИСТИНА;ИСТИНА;;;;;
Детский мир;Игрушки;Игрушечные фотоаппараты;-;-;new;11409;https://lalafo.az/azerbaijan/igrushki/oyuncaq-fotoaparatlar;;add;dropdown;29;Состояние;;;;;add;2757;https://lalafo.az/azerbaijan/igrushki/oyuncaq-fotoaparatlar/new;Новый
Детский мир;Игрушки;Игрушечные фотоаппараты;-;-;new;11409;https://lalafo.az/azerbaijan/igrushki/oyuncaq-fotoaparatlar;;add;dropdown;29;Состояние;;;;;add;2756;https://lalafo.az/azerbaijan/igrushki/oyuncaq-fotoaparatlar/used;Б/у
Детский мир;Игрушки;Игрушечные фотоаппараты;-;-;new;11409;https://lalafo.az/azerbaijan/igrushki/oyuncaq-fotoaparatlar;;add;dropdown;425;Доставка;ИСТИНА;ИСТИНА;ИСТИНА;;;;;
Детский мир;Игрушки;Игрушечные фотоаппараты;-;-;new;11409;https://lalafo.az/azerbaijan/igrushki/oyuncaq-fotoaparatlar;;add;dropdown;425;Доставка;;;;;add;27236;https://lalafo.az/azerbaijan/igrushki/oyuncaq-fotoaparatlar/p-27236-customer-pickup;Самовывоз
Детский мир;Игрушки;Игрушечные фотоаппараты;-;-;new;11409;https://lalafo.az/azerbaijan/igrushki/oyuncaq-fotoaparatlar;;add;dropdown;425;Доставка;;;;;add;30644;https://lalafo.az/azerbaijan/igrushki/oyuncaq-fotoaparatlar/delivery-to-areas;Доставка в районы
Детский мир;Игрушки;Игрушечные фотоаппараты;-;-;new;11409;https://lalafo.az/azerbaijan/igrushki/oyuncaq-fotoaparatlar;;add;dropdown;425;Доставка;;;;;add;27240;https://lalafo.az/azerbaijan/igrushki/oyuncaq-fotoaparatlar/free-delivery;Бесплатная доставка
Детский мир;Игрушки;Игрушечные фотоаппараты;-;-;new;11409;https://lalafo.az/azerbaijan/igrushki/oyuncaq-fotoaparatlar;;add;dropdown;425;Доставка;;;;;add;27241;https://lalafo.az/azerbaijan/igrushki/oyuncaq-fotoaparatlar/paid-delivery;Платная доставка
Детский мир;Игрушки;Воздушные змеи;-;-;new;11216;https://lalafo.az/azerbaijan/igrushki/uchurtmalar;;;;;;;;;;;;;
Детский мир;Игрушки;Воздушные змеи;-;-;new;11216;https://lalafo.az/azerbaijan/igrushki/uchurtmalar;;add;dropdown;29;Состояние;ЛОЖЬ;ИСТИНА;ИСТИНА;;;;;
Детский мир;Игрушки;Воздушные змеи;-;-;new;11216;https://lalafo.az/azerbaijan/igrushki/uchurtmalar;;add;dropdown;425;Доставка;ИСТИНА;ИСТИНА;ИСТИНА;;;;;
Детский мир;Игрушки;Игрушечные утюги;-;-;new;11517;https://lalafo.az/azerbaijan/igrushki/oyuncaq-utuler;;;;;;;;;;;;;
Детский мир;Игрушки;Игрушечные утюги;-;-;new;11517;https://lalafo.az/azerbaijan/igrushki/oyuncaq-utuler;;add;dropdown;29;Состояние;ЛОЖЬ;ИСТИНА;ИСТИНА;;;;;
Детский мир;Игрушки;Игрушечные утюги;-;-;new;11517;https://lalafo.az/azerbaijan/igrushki/oyuncaq-utuler;;add;dropdown;29;Состояние;;;;;add;2757;https://lalafo.az/azerbaijan/igrushki/oyuncaq-utuler/new;Новый
Детский мир;Игрушки;Игрушечные утюги;-;-;new;11517;https://lalafo.az/azerbaijan/igrushki/oyuncaq-utuler;;add;dropdown;29;Состояние;;;;;add;2756;https://lalafo.az/azerbaijan/igrushki/oyuncaq-utuler/used;Б/у
Детский мир;Игрушки;Игрушечные утюги;-;-;new;11517;https://lalafo.az/azerbaijan/igrushki/oyuncaq-utuler;;add;dropdown;425;Доставка;ИСТИНА;ИСТИНА;ИСТИНА;;;;;
Детский мир;Игрушки;Игрушечные утюги;-;-;new;11517;https://lalafo.az/azerbaijan/igrushki/oyuncaq-utuler;;add;dropdown;425;Доставка;;;;;add;27236;https://lalafo.az/azerbaijan/igrushki/oyuncaq-utuler/p-27236-customer-pickup;Самовывоз
Детский мир;Игрушки;Игрушечные утюги;-;-;new;11517;https://lalafo.az/azerbaijan/igrushki/oyuncaq-utuler;;add;dropdown;425;Доставка;;;;;add;30644;https://lalafo.az/azerbaijan/igrushki/oyuncaq-utuler/delivery-to-areas;Доставка в районы
Детский мир;Игрушки;Игрушечные утюги;-;-;new;11517;https://lalafo.az/azerbaijan/igrushki/oyuncaq-utuler;;add;dropdown;425;Доставка;;;;;add;27240;https://lalafo.az/azerbaijan/igrushki/oyuncaq-utuler/free-delivery;Бесплатная доставка
Детский мир;Игрушки;Игрушечные утюги;-;-;new;11517;https://lalafo.az/azerbaijan/igrushki/oyuncaq-utuler;;add;dropdown;425;Доставка;;;;;add;27241;https://lalafo.az/azerbaijan/igrushki/oyuncaq-utuler/paid-delivery;Платная доставка
Детский мир;Игрушки;Игрушечные пылесосы;-;-;new;11518;https://lalafo.az/azerbaijan/igrushki/oyuncaq-tozsoranlar;;;;;;;;;;;;;
Детский мир;Игрушки;Игрушечные пылесосы;-;-;new;11518;https://lalafo.az/azerbaijan/igrushki/oyuncaq-tozsoranlar;;add;dropdown;29;Состояние;ЛОЖЬ;ИСТИНА;ИСТИНА;;;;;
Детский мир;Игрушки;Игрушечные пылесосы;-;-;new;11518;https://lalafo.az/azerbaijan/igrushki/oyuncaq-tozsoranlar;;add;dropdown;29;Состояние;;;;;add;2757;https://lalafo.az/azerbaijan/igrushki/oyuncaq-tozsoranlar/new;Новый
Детский мир;Игрушки;Игрушечные пылесосы;-;-;new;11518;https://lalafo.az/azerbaijan/igrushki/oyuncaq-tozsoranlar;;add;dropdown;29;Состояние;;;;;add;2756;https://lalafo.az/azerbaijan/igrushki/oyuncaq-tozsoranlar/used;Б/у
Детский мир;Игрушки;Игрушечные пылесосы;-;-;new;11518;https://lalafo.az/azerbaijan/igrushki/oyuncaq-tozsoranlar;;add;dropdown;425;Доставка;ИСТИНА;ИСТИНА;ИСТИНА;;;;;
Детский мир;Игрушки;Игрушечные пылесосы;-;-;new;11518;https://lalafo.az/azerbaijan/igrushki/oyuncaq-tozsoranlar;;add;dropdown;425;Доставка;;;;;add;27236;https://lalafo.az/azerbaijan/igrushki/oyuncaq-tozsoranlar/p-27236-customer-pickup;Самовывоз
Детский мир;Игрушки;Игрушечные пылесосы;-;-;new;11518;https://lalafo.az/azerbaijan/igrushki/oyuncaq-tozsoranlar;;add;dropdown;425;Доставка;;;;;add;30644;https://lalafo.az/azerbaijan/igrushki/oyuncaq-tozsoranlar/delivery-to-areas;Доставка в районы
Детский мир;Игрушки;Игрушечные пылесосы;-;-;new;11518;https://lalafo.az/azerbaijan/igrushki/oyuncaq-tozsoranlar;;add;dropdown;425;Доставка;;;;;add;27240;https://lalafo.az/azerbaijan/igrushki/oyuncaq-tozsoranlar/free-delivery;Бесплатная доставка
Детский мир;Игрушки;Игрушечные пылесосы;-;-;new;11518;https://lalafo.az/azerbaijan/igrushki/oyuncaq-tozsoranlar;;add;dropdown;425;Доставка;;;;;add;27241;https://lalafo.az/azerbaijan/igrushki/oyuncaq-tozsoranlar/paid-delivery;Платная доставка
Детский мир;Игрушки;Другие игрушки;-;-;new;11105;https://lalafo.az/azerbaijan/igrushki/diger-oyuncaqlar;;;;;;;;;;;;;
Детский мир;Игрушки;Другие игрушки;-;-;new;11105;https://lalafo.az/azerbaijan/igrushki/diger-oyuncaqlar;;add;dropdown;29;Состояние;ЛОЖЬ;ИСТИНА;ИСТИНА;;;;;
Детский мир;Игрушки;Другие игрушки;-;-;new;11105;https://lalafo.az/azerbaijan/igrushki/diger-oyuncaqlar;;add;dropdown;425;Доставка;ИСТИНА;ИСТИНА;ИСТИНА;;;;;
Детский мир;Игрушки;Другие игрушки;-;-;new;11105;https://lalafo.az/azerbaijan/igrushki/diger-oyuncaqlar;;add;dropdown;425;Доставка;;;;;add;27236;https://lalafo.az/azerbaijan/igrushki/diger-oyuncaqlar/p-27236-customer-pickup;Самовывоз
Детский мир;Игрушки;Другие игрушки;-;-;new;11105;https://lalafo.az/azerbaijan/igrushki/diger-oyuncaqlar;;add;dropdown;425;Доставка;;;;;add;30644;https://lalafo.az/azerbaijan/igrushki/diger-oyuncaqlar/delivery-to-areas;Доставка в районы
Детский мир;Игрушки;Другие игрушки;-;-;new;11105;https://lalafo.az/azerbaijan/igrushki/diger-oyuncaqlar;;add;dropdown;425;Доставка;;;;;add;27240;https://lalafo.az/azerbaijan/igrushki/diger-oyuncaqlar/free-delivery;Бесплатная доставка
Детский мир;Игрушки;Другие игрушки;-;-;new;11105;https://lalafo.az/azerbaijan/igrushki/diger-oyuncaqlar;;add;dropdown;425;Доставка;;;;;add;27241;https://lalafo.az/azerbaijan/igrushki/diger-oyuncaqlar/paid-delivery;Платная доставка
